greedy_scores.txt,3157.0
greedy_scores.txt,3486.0
greedy_scores.txt,3215.0
greedy_scores.txt,3487.0
greedy_scores.txt,3094.0
greedy_scores.txt,3112.0
greedy_scores.txt,3169.0
greedy_scores.txt,3819.0
greedy_scores.txt,3490.0
greedy_scores.txt,3413.0
greedy_scores.txt,3753.0
greedy_scores.txt,3264.0
greedy_scores.txt,2993.0
greedy_scores.txt,2960.0
greedy_scores.txt,3659.0
greedy_scores.txt,3352.0
greedy_scores.txt,3562.0
greedy_scores.txt,3051.0
greedy_scores.txt,3215.0
greedy_scores.txt,3137.0
greedy_scores.txt,3825.0
greedy_scores.txt,2967.0
greedy_scores.txt,3412.0
greedy_scores.txt,3390.0
greedy_scores.txt,3687.0
greedy_scores.txt,3515.0
greedy_scores.txt,3394.0
greedy_scores.txt,3412.0
greedy_scores.txt,3271.0
greedy_scores.txt,3373.0
greedy_scores.txt,3290.0
greedy_scores.txt,3381.0
greedy_scores.txt,3010.0
greedy_scores.txt,3540.0
greedy_scores.txt,3072.0
greedy_scores.txt,3073.0
greedy_scores.txt,3156.0
greedy_scores.txt,3762.0
greedy_scores.txt,3448.0
greedy_scores.txt,3105.0
greedy_scores.txt,3454.0
greedy_scores.txt,2971.0
greedy_scores.txt,3017.0
greedy_scores.txt,3085.0
greedy_scores.txt,3507.0
greedy_scores.txt,3389.0
greedy_scores.txt,3253.0
greedy_scores.txt,3527.0
greedy_scores.txt,3135.0
greedy_scores.txt,3175.0
greedy_scores.txt,2979.0
greedy_scores.txt,3395.0
greedy_scores.txt,3108.0
greedy_scores.txt,3105.0
greedy_scores.txt,3222.0
greedy_scores.txt,3097.0
greedy_scores.txt,3139.0
greedy_scores.txt,3455.0
greedy_scores.txt,3295.0
greedy_scores.txt,3095.0
greedy_scores.txt,3272.0
greedy_scores.txt,3063.0
greedy_scores.txt,3723.0
greedy_scores.txt,3471.0
greedy_scores.txt,3124.0
greedy_scores.txt,3509.0
greedy_scores.txt,3246.0
greedy_scores.txt,3284.0
greedy_scores.txt,3314.0
greedy_scores.txt,3221.0
greedy_scores.txt,3292.0
greedy_scores.txt,3428.0
greedy_scores.txt,3457.0
greedy_scores.txt,2907.0
greedy_scores.txt,3129.0
greedy_scores.txt,3244.0
greedy_scores.txt,3219.0
greedy_scores.txt,3285.0
greedy_scores.txt,3763.0
greedy_scores.txt,3317.0
greedy_scores.txt,3559.0
greedy_scores.txt,3472.0
greedy_scores.txt,3387.0
greedy_scores.txt,3133.0
greedy_scores.txt,3403.0
greedy_scores.txt,3086.0
greedy_scores.txt,3151.0
greedy_scores.txt,3523.0
greedy_scores.txt,3598.0
greedy_scores.txt,3188.0
greedy_scores.txt,3495.0
greedy_scores.txt,3774.0
greedy_scores.txt,3331.0
greedy_scores.txt,3360.0
greedy_scores.txt,3109.0
greedy_scores.txt,3473.0
greedy_scores.txt,3360.0
greedy_scores.txt,3486.0
greedy_scores.txt,3535.0
greedy_scores.txt,2897.0
greedy_scores.txt,3264.0
greedy_scores.txt,3481.0
greedy_scores.txt,3175.0
greedy_scores.txt,3310.0
greedy_scores.txt,3092.0
greedy_scores.txt,3070.0
greedy_scores.txt,3357.0
greedy_scores.txt,3228.0
greedy_scores.txt,3170.0
greedy_scores.txt,3442.0
greedy_scores.txt,3574.0
greedy_scores.txt,3088.0
greedy_scores.txt,3493.0
greedy_scores.txt,3296.0
greedy_scores.txt,3272.0
greedy_scores.txt,3544.0
greedy_scores.txt,3214.0
greedy_scores.txt,3207.0
greedy_scores.txt,3162.0
greedy_scores.txt,3149.0
greedy_scores.txt,3335.0
greedy_scores.txt,3354.0
greedy_scores.txt,3994.0
greedy_scores.txt,3020.0
greedy_scores.txt,3451.0
greedy_scores.txt,3564.0
greedy_scores.txt,3484.0
greedy_scores.txt,3606.0
greedy_scores.txt,3610.0
greedy_scores.txt,3278.0
greedy_scores.txt,3223.0
greedy_scores.txt,3713.0
greedy_scores.txt,3128.0
greedy_scores.txt,3353.0
greedy_scores.txt,3160.0
greedy_scores.txt,3237.0
greedy_scores.txt,3132.0
greedy_scores.txt,3349.0
greedy_scores.txt,3063.0
greedy_scores.txt,3300.0
greedy_scores.txt,3293.0
greedy_scores.txt,3812.0
greedy_scores.txt,3234.0
greedy_scores.txt,3188.0
greedy_scores.txt,3345.0
greedy_scores.txt,3382.0
greedy_scores.txt,3634.0
greedy_scores.txt,3412.0
greedy_scores.txt,3123.0
greedy_scores.txt,3472.0
greedy_scores.txt,3638.0
greedy_scores.txt,3419.0
greedy_scores.txt,3250.0
greedy_scores.txt,3029.0
greedy_scores.txt,3655.0
greedy_scores.txt,3437.0
greedy_scores.txt,3400.0
greedy_scores.txt,3086.0
greedy_scores.txt,3131.0
greedy_scores.txt,3307.0
greedy_scores.txt,3582.0
greedy_scores.txt,3434.0
greedy_scores.txt,3132.0
greedy_scores.txt,3388.0
greedy_scores.txt,3069.0
greedy_scores.txt,3148.0
greedy_scores.txt,3088.0
greedy_scores.txt,3461.0
greedy_scores.txt,3027.0
greedy_scores.txt,3158.0
greedy_scores.txt,3365.0
greedy_scores.txt,3289.0
greedy_scores.txt,4082.0
greedy_scores.txt,3166.0
greedy_scores.txt,3745.0
greedy_scores.txt,3681.0
greedy_scores.txt,3179.0
greedy_scores.txt,3601.0
greedy_scores.txt,3465.0
greedy_scores.txt,3241.0
greedy_scores.txt,3383.0
greedy_scores.txt,3388.0
greedy_scores.txt,3095.0
greedy_scores.txt,3398.0
greedy_scores.txt,3036.0
greedy_scores.txt,3858.0
greedy_scores.txt,3320.0
greedy_scores.txt,3110.0
greedy_scores.txt,3093.0
greedy_scores.txt,3336.0
greedy_scores.txt,3625.0
greedy_scores.txt,3070.0
greedy_scores.txt,3544.0
greedy_scores.txt,3196.0
greedy_scores.txt,3280.0
greedy_scores.txt,3687.0
greedy_scores.txt,3355.0
greedy_scores.txt,3820.0
greedy_scores.txt,3149.0
greedy_scores.txt,3626.0
greedy_scores.txt,3551.0
greedy_scores.txt,3104.0
greedy_scores.txt,3066.0
greedy_scores.txt,3486.0
greedy_scores.txt,3914.0
greedy_scores.txt,3446.0
greedy_scores.txt,3611.0
greedy_scores.txt,2978.0
greedy_scores.txt,3191.0
greedy_scores.txt,3844.0
greedy_scores.txt,3537.0
greedy_scores.txt,2879.0
greedy_scores.txt,3275.0
greedy_scores.txt,3356.0
greedy_scores.txt,3009.0
greedy_scores.txt,3334.0
greedy_scores.txt,3605.0
greedy_scores.txt,3061.0
greedy_scores.txt,3060.0
greedy_scores.txt,3078.0
greedy_scores.txt,3246.0
greedy_scores.txt,3210.0
greedy_scores.txt,3167.0
greedy_scores.txt,3043.0
greedy_scores.txt,3265.0
greedy_scores.txt,3950.0
greedy_scores.txt,3150.0
greedy_scores.txt,3651.0
greedy_scores.txt,3229.0
greedy_scores.txt,3358.0
greedy_scores.txt,3129.0
greedy_scores.txt,3260.0
greedy_scores.txt,3249.0
greedy_scores.txt,3665.0
greedy_scores.txt,3087.0
greedy_scores.txt,3401.0
greedy_scores.txt,3535.0
greedy_scores.txt,3192.0
greedy_scores.txt,3710.0
greedy_scores.txt,3181.0
greedy_scores.txt,3216.0
greedy_scores.txt,3267.0
greedy_scores.txt,3376.0
greedy_scores.txt,3161.0
greedy_scores.txt,3450.0
greedy_scores.txt,3413.0
greedy_scores.txt,3589.0
greedy_scores.txt,3366.0
greedy_scores.txt,3125.0
greedy_scores.txt,3291.0
greedy_scores.txt,3908.0
greedy_scores.txt,3368.0
greedy_scores.txt,3530.0
greedy_scores.txt,3344.0
greedy_scores.txt,3083.0
greedy_scores.txt,3606.0
greedy_scores.txt,3105.0
greedy_scores.txt,3357.0
greedy_scores.txt,3232.0
greedy_scores.txt,3413.0
greedy_scores.txt,3511.0
greedy_scores.txt,3194.0
greedy_scores.txt,3052.0
greedy_scores.txt,3655.0
greedy_scores.txt,3243.0
greedy_scores.txt,3428.0
greedy_scores.txt,3144.0
greedy_scores.txt,3360.0
greedy_scores.txt,3172.0
greedy_scores.txt,3229.0
greedy_scores.txt,3193.0
greedy_scores.txt,3655.0
greedy_scores.txt,3331.0
greedy_scores.txt,3216.0
greedy_scores.txt,3161.0
greedy_scores.txt,3620.0
greedy_scores.txt,3233.0
greedy_scores.txt,3218.0
greedy_scores.txt,3676.0
greedy_scores.txt,3097.0
greedy_scores.txt,3813.0
greedy_scores.txt,3024.0
greedy_scores.txt,3516.0
greedy_scores.txt,3147.0
greedy_scores.txt,3831.0
greedy_scores.txt,3805.0
greedy_scores.txt,3375.0
greedy_scores.txt,3505.0
greedy_scores.txt,3201.0
greedy_scores.txt,3240.0
greedy_scores.txt,3214.0
greedy_scores.txt,2929.0
greedy_scores.txt,3538.0
greedy_scores.txt,3449.0
greedy_scores.txt,2983.0
greedy_scores.txt,3190.0
greedy_scores.txt,3399.0
greedy_scores.txt,3092.0
greedy_scores.txt,3303.0
greedy_scores.txt,3501.0
greedy_scores.txt,3279.0
greedy_scores.txt,3503.0
greedy_scores.txt,3187.0
greedy_scores.txt,3545.0
greedy_scores.txt,3244.0
greedy_scores.txt,3668.0
greedy_scores.txt,3129.0
greedy_scores.txt,3201.0
greedy_scores.txt,3293.0
greedy_scores.txt,3189.0
greedy_scores.txt,3168.0
greedy_scores.txt,4063.0
greedy_scores.txt,3077.0
greedy_scores.txt,3576.0
greedy_scores.txt,3295.0
greedy_scores.txt,3206.0
greedy_scores.txt,3254.0
greedy_scores.txt,3640.0
greedy_scores.txt,3053.0
greedy_scores.txt,3835.0
greedy_scores.txt,3360.0
greedy_scores.txt,3165.0
greedy_scores.txt,3568.0
greedy_scores.txt,3345.0
greedy_scores.txt,3302.0
greedy_scores.txt,3878.0
greedy_scores.txt,3647.0
greedy_scores.txt,3298.0
greedy_scores.txt,3997.0
greedy_scores.txt,3255.0
greedy_scores.txt,3055.0
greedy_scores.txt,3480.0
greedy_scores.txt,3411.0
greedy_scores.txt,4062.0
greedy_scores.txt,3651.0
greedy_scores.txt,3647.0
greedy_scores.txt,3063.0
greedy_scores.txt,3189.0
greedy_scores.txt,4143.0
greedy_scores.txt,3504.0
greedy_scores.txt,4063.0
greedy_scores.txt,3266.0
greedy_scores.txt,3423.0
greedy_scores.txt,3250.0
greedy_scores.txt,3402.0
greedy_scores.txt,3176.0
greedy_scores.txt,3460.0
greedy_scores.txt,3231.0
greedy_scores.txt,3304.0
greedy_scores.txt,3414.0
greedy_scores.txt,3464.0
greedy_scores.txt,3600.0
greedy_scores.txt,3524.0
greedy_scores.txt,3289.0
greedy_scores.txt,3176.0
greedy_scores.txt,3142.0
greedy_scores.txt,3079.0
greedy_scores.txt,2964.0
greedy_scores.txt,3108.0
greedy_scores.txt,3163.0
greedy_scores.txt,3144.0
greedy_scores.txt,3197.0
greedy_scores.txt,3050.0
greedy_scores.txt,3770.0
greedy_scores.txt,3302.0
greedy_scores.txt,3333.0
greedy_scores.txt,3271.0
greedy_scores.txt,2983.0
greedy_scores.txt,3400.0
greedy_scores.txt,3700.0
greedy_scores.txt,3820.0
greedy_scores.txt,3635.0
greedy_scores.txt,3636.0
greedy_scores.txt,3565.0
greedy_scores.txt,3047.0
greedy_scores.txt,3101.0
greedy_scores.txt,3048.0
greedy_scores.txt,3351.0
greedy_scores.txt,3746.0
greedy_scores.txt,3382.0
greedy_scores.txt,3334.0
greedy_scores.txt,3542.0
greedy_scores.txt,3653.0
greedy_scores.txt,3887.0
greedy_scores.txt,3354.0
greedy_scores.txt,3027.0
greedy_scores.txt,3208.0
greedy_scores.txt,3062.0
greedy_scores.txt,3656.0
greedy_scores.txt,3257.0
greedy_scores.txt,3033.0
greedy_scores.txt,3321.0
greedy_scores.txt,3215.0
greedy_scores.txt,3602.0
greedy_scores.txt,3099.0
greedy_scores.txt,3627.0
greedy_scores.txt,3548.0
greedy_scores.txt,4059.0
greedy_scores.txt,3872.0
greedy_scores.txt,3031.0
greedy_scores.txt,3330.0
greedy_scores.txt,3744.0
greedy_scores.txt,3575.0
greedy_scores.txt,3241.0
greedy_scores.txt,3445.0
greedy_scores.txt,3254.0
greedy_scores.txt,3069.0
greedy_scores.txt,3628.0
greedy_scores.txt,3316.0
greedy_scores.txt,3370.0
greedy_scores.txt,3560.0
greedy_scores.txt,3212.0
greedy_scores.txt,3807.0
greedy_scores.txt,3034.0
greedy_scores.txt,3304.0
greedy_scores.txt,3046.0
greedy_scores.txt,3335.0
greedy_scores.txt,3295.0
greedy_scores.txt,3503.0
greedy_scores.txt,3728.0
greedy_scores.txt,3394.0
greedy_scores.txt,3531.0
greedy_scores.txt,3425.0
greedy_scores.txt,3488.0
greedy_scores.txt,3367.0
greedy_scores.txt,3214.0
greedy_scores.txt,3049.0
greedy_scores.txt,3215.0
greedy_scores.txt,3271.0
greedy_scores.txt,3764.0
greedy_scores.txt,3136.0
greedy_scores.txt,3496.0
greedy_scores.txt,3196.0
greedy_scores.txt,3253.0
greedy_scores.txt,2995.0
greedy_scores.txt,3278.0
greedy_scores.txt,3427.0
greedy_scores.txt,3289.0
greedy_scores.txt,3091.0
greedy_scores.txt,3275.0
greedy_scores.txt,3485.0
greedy_scores.txt,3739.0
greedy_scores.txt,3350.0
greedy_scores.txt,3640.0
greedy_scores.txt,3920.0
greedy_scores.txt,3219.0
greedy_scores.txt,3153.0
greedy_scores.txt,3002.0
greedy_scores.txt,3444.0
greedy_scores.txt,3135.0
greedy_scores.txt,3372.0
greedy_scores.txt,2986.0
greedy_scores.txt,3834.0
greedy_scores.txt,3265.0
greedy_scores.txt,3315.0
greedy_scores.txt,3138.0
greedy_scores.txt,3255.0
greedy_scores.txt,3518.0
greedy_scores.txt,2977.0
greedy_scores.txt,3392.0
greedy_scores.txt,3151.0
greedy_scores.txt,3214.0
greedy_scores.txt,3418.0
greedy_scores.txt,3301.0
greedy_scores.txt,3355.0
greedy_scores.txt,3516.0
greedy_scores.txt,3098.0
greedy_scores.txt,3046.0
greedy_scores.txt,3292.0
greedy_scores.txt,3454.0
greedy_scores.txt,2953.0
greedy_scores.txt,3753.0
greedy_scores.txt,3395.0
greedy_scores.txt,3351.0
greedy_scores.txt,3234.0
greedy_scores.txt,3194.0
greedy_scores.txt,3222.0
greedy_scores.txt,2936.0
greedy_scores.txt,3333.0
greedy_scores.txt,3322.0
greedy_scores.txt,3468.0
greedy_scores.txt,3188.0
greedy_scores.txt,3949.0
greedy_scores.txt,3422.0
greedy_scores.txt,3062.0
greedy_scores.txt,2997.0
greedy_scores.txt,3271.0
greedy_scores.txt,3277.0
greedy_scores.txt,4010.0
greedy_scores.txt,3370.0
greedy_scores.txt,3155.0
greedy_scores.txt,2914.0
greedy_scores.txt,3427.0
greedy_scores.txt,3156.0
greedy_scores.txt,2955.0
greedy_scores.txt,3520.0
greedy_scores.txt,3071.0
greedy_scores.txt,3362.0
greedy_scores.txt,3292.0
greedy_scores.txt,3454.0
greedy_scores.txt,3197.0
greedy_scores.txt,3470.0
greedy_scores.txt,3755.0
greedy_scores.txt,3144.0
greedy_scores.txt,3257.0
greedy_scores.txt,3686.0
greedy_scores.txt,3205.0
greedy_scores.txt,3011.0
greedy_scores.txt,3319.0
greedy_scores.txt,3040.0
greedy_scores.txt,3251.0
greedy_scores.txt,3686.0
greedy_scores.txt,3344.0
greedy_scores.txt,3404.0
greedy_scores.txt,3705.0
greedy_scores.txt,3533.0
greedy_scores.txt,3211.0
greedy_scores.txt,3511.0
greedy_scores.txt,3143.0
greedy_scores.txt,3830.0
greedy_scores.txt,3348.0
greedy_scores.txt,2888.0
greedy_scores.txt,2973.0
greedy_scores.txt,4028.0
greedy_scores.txt,3946.0
greedy_scores.txt,3151.0
greedy_scores.txt,3436.0
greedy_scores.txt,3509.0
greedy_scores.txt,3486.0
greedy_scores.txt,3431.0
greedy_scores.txt,3156.0
greedy_scores.txt,3266.0
greedy_scores.txt,3694.0
greedy_scores.txt,3221.0
greedy_scores.txt,3477.0
greedy_scores.txt,3611.0
greedy_scores.txt,3384.0
greedy_scores.txt,3503.0
greedy_scores.txt,3300.0
greedy_scores.txt,3072.0
greedy_scores.txt,3757.0
greedy_scores.txt,3447.0
greedy_scores.txt,3519.0
greedy_scores.txt,3537.0
greedy_scores.txt,3146.0
greedy_scores.txt,3052.0
greedy_scores.txt,3743.0
greedy_scores.txt,3106.0
greedy_scores.txt,3243.0
greedy_scores.txt,3345.0
greedy_scores.txt,3761.0
greedy_scores.txt,3100.0
greedy_scores.txt,3232.0
greedy_scores.txt,3456.0
greedy_scores.txt,3374.0
greedy_scores.txt,3307.0
greedy_scores.txt,3231.0
greedy_scores.txt,3562.0
greedy_scores.txt,3747.0
greedy_scores.txt,3172.0
greedy_scores.txt,3869.0
greedy_scores.txt,3564.0
greedy_scores.txt,3986.0
greedy_scores.txt,3157.0
greedy_scores.txt,4004.0
greedy_scores.txt,3460.0
greedy_scores.txt,3401.0
greedy_scores.txt,3441.0
greedy_scores.txt,3230.0
greedy_scores.txt,3815.0
greedy_scores.txt,3130.0
greedy_scores.txt,3178.0
greedy_scores.txt,2945.0
greedy_scores.txt,3465.0
greedy_scores.txt,3564.0
greedy_scores.txt,3365.0
greedy_scores.txt,3190.0
greedy_scores.txt,3523.0
greedy_scores.txt,3745.0
greedy_scores.txt,2967.0
greedy_scores.txt,3931.0
greedy_scores.txt,2958.0
greedy_scores.txt,3354.0
greedy_scores.txt,3040.0
greedy_scores.txt,3071.0
greedy_scores.txt,3194.0
greedy_scores.txt,3445.0
greedy_scores.txt,3208.0
greedy_scores.txt,3469.0
greedy_scores.txt,3327.0
greedy_scores.txt,3366.0
greedy_scores.txt,3071.0
greedy_scores.txt,3936.0
greedy_scores.txt,3476.0
greedy_scores.txt,3190.0
greedy_scores.txt,3468.0
greedy_scores.txt,3429.0
greedy_scores.txt,3121.0
greedy_scores.txt,3283.0
greedy_scores.txt,3669.0
greedy_scores.txt,3359.0
greedy_scores.txt,3235.0
greedy_scores.txt,3025.0
greedy_scores.txt,3835.0
greedy_scores.txt,3838.0
greedy_scores.txt,3590.0
greedy_scores.txt,3421.0
greedy_scores.txt,3296.0
greedy_scores.txt,3807.0
greedy_scores.txt,3614.0
greedy_scores.txt,3994.0
greedy_scores.txt,4447.0
greedy_scores.txt,3179.0
greedy_scores.txt,3522.0
greedy_scores.txt,3167.0
greedy_scores.txt,3004.0
greedy_scores.txt,3387.0
greedy_scores.txt,3813.0
greedy_scores.txt,3090.0
greedy_scores.txt,3622.0
greedy_scores.txt,3435.0
greedy_scores.txt,3659.0
greedy_scores.txt,3637.0
greedy_scores.txt,3025.0
greedy_scores.txt,3253.0
greedy_scores.txt,3008.0
greedy_scores.txt,3134.0
greedy_scores.txt,3188.0
greedy_scores.txt,3158.0
greedy_scores.txt,3149.0
greedy_scores.txt,3432.0
greedy_scores.txt,3960.0
greedy_scores.txt,3224.0
greedy_scores.txt,3732.0
greedy_scores.txt,3436.0
greedy_scores.txt,3578.0
greedy_scores.txt,3634.0
greedy_scores.txt,3515.0
greedy_scores.txt,3669.0
greedy_scores.txt,3741.0
greedy_scores.txt,2917.0
greedy_scores.txt,3246.0
greedy_scores.txt,3535.0
greedy_scores.txt,3248.0
greedy_scores.txt,3214.0
greedy_scores.txt,3126.0
greedy_scores.txt,3941.0
greedy_scores.txt,3128.0
greedy_scores.txt,4103.0
greedy_scores.txt,3152.0
greedy_scores.txt,3069.0
greedy_scores.txt,3074.0
greedy_scores.txt,3195.0
greedy_scores.txt,3343.0
greedy_scores.txt,3769.0
greedy_scores.txt,3138.0
greedy_scores.txt,3677.0
greedy_scores.txt,3773.0
greedy_scores.txt,3284.0
greedy_scores.txt,2999.0
greedy_scores.txt,3661.0
greedy_scores.txt,3819.0
greedy_scores.txt,3185.0
greedy_scores.txt,3606.0
greedy_scores.txt,3378.0
greedy_scores.txt,3321.0
greedy_scores.txt,3011.0
greedy_scores.txt,3906.0
greedy_scores.txt,3108.0
greedy_scores.txt,3339.0
greedy_scores.txt,3419.0
greedy_scores.txt,3147.0
greedy_scores.txt,3271.0
greedy_scores.txt,3252.0
greedy_scores.txt,3284.0
greedy_scores.txt,3225.0
greedy_scores.txt,3247.0
greedy_scores.txt,3396.0
greedy_scores.txt,3253.0
greedy_scores.txt,3422.0
greedy_scores.txt,3754.0
greedy_scores.txt,3271.0
greedy_scores.txt,3173.0
greedy_scores.txt,3671.0
greedy_scores.txt,3072.0
greedy_scores.txt,3352.0
greedy_scores.txt,3496.0
greedy_scores.txt,2983.0
greedy_scores.txt,3651.0
greedy_scores.txt,3055.0
greedy_scores.txt,3431.0
greedy_scores.txt,4009.0
greedy_scores.txt,3259.0
greedy_scores.txt,2949.0
greedy_scores.txt,3080.0
greedy_scores.txt,3177.0
greedy_scores.txt,3284.0
greedy_scores.txt,2743.0
greedy_scores.txt,3003.0
greedy_scores.txt,3913.0
greedy_scores.txt,3732.0
greedy_scores.txt,3159.0
greedy_scores.txt,3113.0
greedy_scores.txt,3009.0
greedy_scores.txt,3696.0
greedy_scores.txt,3521.0
greedy_scores.txt,3313.0
greedy_scores.txt,3713.0
greedy_scores.txt,3277.0
greedy_scores.txt,3499.0
greedy_scores.txt,3280.0
greedy_scores.txt,3328.0
greedy_scores.txt,3570.0
greedy_scores.txt,3214.0
greedy_scores.txt,3470.0
greedy_scores.txt,3161.0
greedy_scores.txt,3289.0
greedy_scores.txt,3471.0
greedy_scores.txt,3702.0
greedy_scores.txt,3115.0
greedy_scores.txt,3859.0
greedy_scores.txt,3370.0
greedy_scores.txt,3060.0
greedy_scores.txt,3265.0
greedy_scores.txt,3504.0
greedy_scores.txt,3187.0
greedy_scores.txt,3624.0
greedy_scores.txt,3548.0
greedy_scores.txt,3178.0
greedy_scores.txt,3181.0
greedy_scores.txt,3173.0
greedy_scores.txt,3393.0
greedy_scores.txt,2984.0
greedy_scores.txt,3236.0
greedy_scores.txt,3252.0
greedy_scores.txt,3372.0
greedy_scores.txt,3109.0
greedy_scores.txt,3056.0
greedy_scores.txt,3266.0
greedy_scores.txt,3296.0
greedy_scores.txt,3094.0
greedy_scores.txt,3304.0
greedy_scores.txt,3488.0
greedy_scores.txt,3176.0
greedy_scores.txt,3197.0
greedy_scores.txt,3023.0
greedy_scores.txt,2959.0
greedy_scores.txt,3166.0
greedy_scores.txt,3256.0
greedy_scores.txt,3273.0
greedy_scores.txt,3259.0
greedy_scores.txt,3336.0
greedy_scores.txt,3095.0
greedy_scores.txt,3422.0
greedy_scores.txt,3196.0
greedy_scores.txt,3144.0
greedy_scores.txt,3541.0
greedy_scores.txt,3070.0
greedy_scores.txt,3256.0
greedy_scores.txt,3281.0
greedy_scores.txt,3570.0
greedy_scores.txt,3646.0
greedy_scores.txt,3200.0
greedy_scores.txt,3072.0
greedy_scores.txt,3049.0
greedy_scores.txt,3326.0
greedy_scores.txt,3550.0
greedy_scores.txt,3428.0
greedy_scores.txt,3709.0
greedy_scores.txt,3824.0
greedy_scores.txt,3288.0
greedy_scores.txt,3435.0
greedy_scores.txt,3026.0
greedy_scores.txt,3121.0
greedy_scores.txt,3338.0
greedy_scores.txt,3137.0
greedy_scores.txt,3411.0
greedy_scores.txt,3146.0
greedy_scores.txt,3505.0
greedy_scores.txt,2935.0
greedy_scores.txt,3928.0
greedy_scores.txt,3569.0
greedy_scores.txt,3277.0
greedy_scores.txt,3722.0
greedy_scores.txt,3135.0
greedy_scores.txt,3113.0
greedy_scores.txt,3148.0
greedy_scores.txt,3073.0
greedy_scores.txt,3376.0
greedy_scores.txt,3036.0
greedy_scores.txt,3134.0
greedy_scores.txt,3490.0
greedy_scores.txt,3677.0
greedy_scores.txt,3244.0
greedy_scores.txt,3320.0
greedy_scores.txt,3160.0
greedy_scores.txt,3098.0
greedy_scores.txt,3784.0
greedy_scores.txt,3415.0
greedy_scores.txt,2901.0
greedy_scores.txt,3099.0
greedy_scores.txt,3297.0
greedy_scores.txt,3196.0
greedy_scores.txt,2946.0
greedy_scores.txt,3634.0
greedy_scores.txt,3106.0
greedy_scores.txt,3204.0
greedy_scores.txt,3384.0
greedy_scores.txt,3184.0
greedy_scores.txt,3621.0
greedy_scores.txt,3575.0
greedy_scores.txt,3060.0
greedy_scores.txt,3830.0
greedy_scores.txt,3806.0
greedy_scores.txt,3835.0
greedy_scores.txt,3369.0
greedy_scores.txt,3396.0
greedy_scores.txt,3419.0
greedy_scores.txt,3327.0
greedy_scores.txt,3219.0
greedy_scores.txt,4084.0
greedy_scores.txt,3030.0
greedy_scores.txt,3345.0
greedy_scores.txt,3215.0
greedy_scores.txt,3415.0
greedy_scores.txt,3350.0
greedy_scores.txt,3344.0
greedy_scores.txt,3218.0
greedy_scores.txt,3203.0
greedy_scores.txt,3482.0
greedy_scores.txt,3249.0
greedy_scores.txt,3293.0
greedy_scores.txt,2967.0
greedy_scores.txt,3307.0
greedy_scores.txt,3428.0
greedy_scores.txt,3394.0
greedy_scores.txt,3318.0
greedy_scores.txt,2892.0
greedy_scores.txt,3675.0
greedy_scores.txt,3477.0
greedy_scores.txt,3555.0
greedy_scores.txt,3067.0
greedy_scores.txt,3251.0
greedy_scores.txt,3277.0
greedy_scores.txt,3295.0
greedy_scores.txt,3079.0
greedy_scores.txt,3373.0
greedy_scores.txt,3155.0
greedy_scores.txt,3109.0
greedy_scores.txt,3108.0
greedy_scores.txt,3375.0
greedy_scores.txt,3139.0
greedy_scores.txt,2979.0
greedy_scores.txt,3277.0
greedy_scores.txt,3560.0
greedy_scores.txt,3140.0
greedy_scores.txt,3215.0
greedy_scores.txt,3600.0
greedy_scores.txt,3686.0
greedy_scores.txt,3700.0
greedy_scores.txt,3222.0
greedy_scores.txt,3267.0
greedy_scores.txt,3392.0
greedy_scores.txt,3773.0
greedy_scores.txt,3411.0
greedy_scores.txt,3210.0
greedy_scores.txt,3302.0
greedy_scores.txt,3039.0
greedy_scores.txt,3502.0
greedy_scores.txt,3604.0
greedy_scores.txt,3748.0
greedy_scores.txt,3277.0
greedy_scores.txt,3437.0
greedy_scores.txt,3280.0
greedy_scores.txt,3246.0
greedy_scores.txt,3456.0
greedy_scores.txt,3138.0
greedy_scores.txt,3378.0
greedy_scores.txt,3570.0
greedy_scores.txt,3081.0
greedy_scores.txt,3504.0
greedy_scores.txt,3211.0
greedy_scores.txt,3503.0
greedy_scores.txt,3403.0
greedy_scores.txt,3429.0
greedy_scores.txt,3130.0
greedy_scores.txt,4051.0
greedy_scores.txt,3527.0
greedy_scores.txt,3454.0
greedy_scores.txt,3574.0
greedy_scores.txt,3981.0
greedy_scores.txt,3698.0
greedy_scores.txt,3469.0
greedy_scores.txt,2952.0
greedy_scores.txt,2939.0
greedy_scores.txt,3367.0
greedy_scores.txt,4143.0
greedy_scores.txt,3402.0
greedy_scores.txt,3022.0
greedy_scores.txt,3401.0
greedy_scores.txt,3718.0
greedy_scores.txt,3141.0
greedy_scores.txt,3312.0
greedy_scores.txt,3305.0
greedy_scores.txt,2979.0
greedy_scores.txt,3245.0
greedy_scores.txt,3302.0
greedy_scores.txt,3596.0
greedy_scores.txt,3394.0
greedy_scores.txt,3220.0
greedy_scores.txt,3432.0
greedy_scores.txt,3503.0
greedy_scores.txt,3349.0
greedy_scores.txt,4034.0
greedy_scores.txt,2911.0
greedy_scores.txt,3306.0
greedy_scores.txt,3145.0
greedy_scores.txt,3317.0
greedy_scores.txt,3279.0
greedy_scores.txt,3351.0
greedy_scores.txt,3113.0
greedy_scores.txt,3320.0
greedy_scores.txt,3109.0
greedy_scores.txt,3502.0
greedy_scores.txt,3018.0
greedy_scores.txt,3473.0
greedy_scores.txt,3403.0
greedy_scores.txt,3856.0
greedy_scores.txt,3287.0
greedy_scores.txt,3571.0
greedy_scores.txt,2902.0
greedy_scores.txt,3295.0
greedy_scores.txt,2934.0
greedy_scores.txt,2979.0
greedy_scores.txt,3683.0
greedy_scores.txt,3132.0
greedy_scores.txt,3028.0
greedy_scores.txt,3161.0
greedy_scores.txt,3522.0
greedy_scores.txt,3447.0
greedy_scores.txt,3350.0
greedy_scores.txt,3204.0
greedy_scores.txt,3009.0
greedy_scores.txt,3141.0
greedy_scores.txt,3909.0
greedy_scores.txt,3407.0
greedy_scores.txt,3202.0
greedy_scores.txt,2796.0
greedy_scores.txt,3567.0
greedy_scores.txt,3045.0
greedy_scores.txt,3214.0
greedy_scores.txt,3273.0
greedy_scores.txt,3000.0
greedy_scores.txt,3167.0
greedy_scores.txt,3402.0
greedy_scores.txt,3324.0
greedy_scores.txt,3276.0
greedy_scores.txt,3186.0
greedy_scores.txt,3231.0
greedy_scores.txt,3398.0
greedy_scores.txt,3638.0
greedy_scores.txt,3698.0
greedy_scores.txt,3056.0
greedy_scores.txt,3449.0
greedy_scores.txt,3290.0
greedy_scores.txt,3140.0
greedy_scores.txt,3300.0
greedy_scores.txt,3297.0
greedy_scores.txt,3294.0
greedy_scores.txt,3205.0
greedy_scores.txt,3238.0
greedy_scores.txt,3077.0
greedy_scores.txt,3446.0
greedy_scores.txt,3955.0
greedy_scores.txt,3608.0
greedy_scores.txt,3867.0
greedy_scores.txt,3296.0
greedy_scores.txt,3330.0
greedy_scores.txt,3271.0
greedy_scores.txt,3319.0
greedy_scores.txt,3198.0
greedy_scores.txt,2953.0
greedy_scores.txt,3046.0
greedy_scores.txt,4055.0
greedy_scores.txt,3220.0
greedy_scores.txt,3080.0
greedy_scores.txt,3494.0
greedy_scores.txt,3253.0
greedy_scores.txt,3237.0
greedy_scores.txt,3372.0
greedy_scores.txt,4143.0
greedy_scores.txt,3665.0
greedy_scores.txt,3146.0
greedy_scores.txt,3111.0
greedy_scores.txt,3253.0
greedy_scores.txt,2981.0
greedy_scores.txt,3212.0
greedy_scores.txt,3305.0
greedy_scores.txt,3090.0
greedy_scores.txt,3316.0
all_scores_n.txt,1087.4269662921351
all_scores_n.txt,1056.629213483146
all_scores_n.txt,721.7752808988762
all_scores_n.txt,251.33707865168526
all_scores_n.txt,956.4157303370794
all_scores_n.txt,1262.752808988764
all_scores_n.txt,925.9887640449442
all_scores_n.txt,248.51685393258424
all_scores_n.txt,501.3483146067415
all_scores_n.txt,418.9550561797753
all_scores_n.txt,697.7865168539324
all_scores_n.txt,1761.9325842696626
all_scores_n.txt,1043.8314606741574
all_scores_n.txt,-1463.3258426966293
all_scores_n.txt,230.51685393258424
all_scores_n.txt,1417.5730337078649
all_scores_n.txt,-1071.808988764045
all_scores_n.txt,51.70786516853968
all_scores_n.txt,771.8988764044943
all_scores_n.txt,147.67415730337075
all_scores_n.txt,1750.8988764044943
all_scores_n.txt,1157.1011235955057
all_scores_n.txt,-485.9775280898875
all_scores_n.txt,554.2247191011234
all_scores_n.txt,1943.134831460674
all_scores_n.txt,936.8202247191011
all_scores_n.txt,2205.573033707865
all_scores_n.txt,771.0337078651685
all_scores_n.txt,362.876404494382
all_scores_n.txt,1680.8539325842703
all_scores_n.txt,808.314606741573
all_scores_n.txt,1574.6629213483147
all_scores_n.txt,564.314606741573
all_scores_n.txt,1418.8202247191011
all_scores_n.txt,1471.1011235955057
all_scores_n.txt,126.10112359550567
all_scores_n.txt,669.1011235955057
all_scores_n.txt,-3511.9662921348317
all_scores_n.txt,-663.8426966292135
all_scores_n.txt,-31.48314606741576
all_scores_n.txt,2433.573033707865
all_scores_n.txt,1585.9775280898884
all_scores_n.txt,-195.25842696629206
all_scores_n.txt,307.6179775280898
all_scores_n.txt,1068.258426966292
all_scores_n.txt,535.5505617977528
all_scores_n.txt,1287.4943820224717
all_scores_n.txt,111.87640449438197
all_scores_n.txt,320.33707865168526
all_scores_n.txt,1872.6629213483147
all_scores_n.txt,850.5955056179776
all_scores_n.txt,367.59550561797755
all_scores_n.txt,-279.57303370786485
all_scores_n.txt,1952.505617977528
all_scores_n.txt,1101.2247191011234
all_scores_n.txt,968.5842696629215
all_scores_n.txt,3133.4494382022467
all_scores_n.txt,1076.3370786516853
all_scores_n.txt,922.7078651685397
all_scores_n.txt,1606.1460674157306
all_scores_n.txt,1218.7865168539324
all_scores_n.txt,1721.651685393258
all_scores_n.txt,-316.33707865168526
all_scores_n.txt,1576.258426966292
all_scores_n.txt,1248.3820224719102
all_scores_n.txt,-207.01123595505578
all_scores_n.txt,1149.191011235955
all_scores_n.txt,2276.730337078652
all_scores_n.txt,1569.3820224719102
all_scores_n.txt,-52.74157303370794
all_scores_n.txt,661.6741573033707
all_scores_n.txt,324.66292134831474
all_scores_n.txt,-1059.134831460674
all_scores_n.txt,2133.4606741573034
all_scores_n.txt,1520.696629213483
all_scores_n.txt,-898.6516853932585
all_scores_n.txt,-328.6067415730338
all_scores_n.txt,1551.2921348314612
all_scores_n.txt,566.9775280898884
all_scores_n.txt,2284.213483146067
all_scores_n.txt,598.0337078651685
all_scores_n.txt,-786.4044943820224
all_scores_n.txt,512.629213483146
all_scores_n.txt,1282.1797752808989
all_scores_n.txt,368.25842696629206
all_scores_n.txt,1311.067415730337
all_scores_n.txt,2210.820224719101
all_scores_n.txt,914.1910112359551
all_scores_n.txt,306.7977528089888
all_scores_n.txt,1825.1797752808989
all_scores_n.txt,1764.1011235955057
all_scores_n.txt,1524.4157303370794
all_scores_n.txt,540.0561797752807
all_scores_n.txt,829.629213483146
all_scores_n.txt,241.17977528089887
all_scores_n.txt,2555.730337078652
all_scores_n.txt,1036.6629213483147
all_scores_n.txt,1029.0337078651685
all_scores_n.txt,-399.0449438202247
all_scores_n.txt,1652.9101123595506
all_scores_n.txt,387.1460674157306
all_scores_n.txt,1048.258426966292
all_scores_n.txt,1024.696629213483
all_scores_n.txt,1375.741573033708
all_scores_n.txt,2388.775280898876
all_scores_n.txt,1796.067415730337
all_scores_n.txt,874.303370786517
all_scores_n.txt,-1699.4831460674159
all_scores_n.txt,1204.7865168539324
all_scores_n.txt,1037.9775280898884
all_scores_n.txt,1566.3483146067415
all_scores_n.txt,1088.629213483146
all_scores_n.txt,2386.9775280898884
all_scores_n.txt,-754.7752808988766
all_scores_n.txt,1605.4269662921351
all_scores_n.txt,255.51685393258424
all_scores_n.txt,67.82022471910113
all_scores_n.txt,1172.9887640449442
all_scores_n.txt,1366.9101123595506
all_scores_n.txt,2346.292134831461
all_scores_n.txt,2543.303370786517
all_scores_n.txt,1570.1797752808989
all_scores_n.txt,2048.5842696629215
all_scores_n.txt,178.3820224719102
all_scores_n.txt,707.0224719101125
all_scores_n.txt,1672.5730337078649
all_scores_n.txt,311.4606741573034
all_scores_n.txt,1239.7865168539324
all_scores_n.txt,1601.9438202247188
all_scores_n.txt,725.6629213483147
all_scores_n.txt,662.696629213483
all_scores_n.txt,731.752808988764
all_scores_n.txt,-3238.8876404494385
all_scores_n.txt,1154.1123595505617
all_scores_n.txt,1340.629213483146
all_scores_n.txt,674.7865168539324
all_scores_n.txt,-242.77528089887664
all_scores_n.txt,2085.865168539326
all_scores_n.txt,1860.9775280898884
all_scores_n.txt,1115.741573033708
all_scores_n.txt,-36.93258426966304
all_scores_n.txt,599.4269662921351
all_scores_n.txt,1932.2247191011234
all_scores_n.txt,683.2696629213483
all_scores_n.txt,1474.258426966292
all_scores_n.txt,358.33707865168526
all_scores_n.txt,731.067415730337
all_scores_n.txt,1022.0337078651685
all_scores_n.txt,1419.3370786516853
all_scores_n.txt,443.6179775280898
all_scores_n.txt,374.67415730337075
all_scores_n.txt,835.314606741573
all_scores_n.txt,750.0337078651685
all_scores_n.txt,657.8988764044943
all_scores_n.txt,2210.3370786516853
all_scores_n.txt,809.6629213483147
all_scores_n.txt,1433.505617977528
all_scores_n.txt,760.2359550561797
all_scores_n.txt,-46.4606741573034
all_scores_n.txt,-226.40449438202245
all_scores_n.txt,2312.4157303370794
all_scores_n.txt,2045.1797752808989
all_scores_n.txt,1045.696629213483
all_scores_n.txt,2093.089887640449
all_scores_n.txt,1677.4269662921351
all_scores_n.txt,2079.1011235955057
all_scores_n.txt,1284.1460674157306
all_scores_n.txt,779.629213483146
all_scores_n.txt,1181.9887640449442
all_scores_n.txt,372.5056179775279
all_scores_n.txt,1337.7752808988762
all_scores_n.txt,1366.4269662921351
all_scores_n.txt,1711.9325842696626
all_scores_n.txt,1264.865168539326
all_scores_n.txt,1611.258426966292
all_scores_n.txt,1066.6629213483147
all_scores_n.txt,1723.303370786517
all_scores_n.txt,-1079.8539325842694
all_scores_n.txt,1413.7078651685397
all_scores_n.txt,231.4606741573034
all_scores_n.txt,818.4269662921351
all_scores_n.txt,1754.4157303370794
all_scores_n.txt,1545.9775280898884
all_scores_n.txt,449.3820224719102
all_scores_n.txt,1120.8202247191011
all_scores_n.txt,1598.4943820224717
all_scores_n.txt,1629.4269662921351
all_scores_n.txt,1093.8539325842703
all_scores_n.txt,1105.5393258426966
all_scores_n.txt,3204.9775280898884
all_scores_n.txt,3.5168539325842403
all_scores_n.txt,1443.1011235955057
all_scores_n.txt,1013.1797752808989
all_scores_n.txt,1611.7752808988762
all_scores_n.txt,2514.303370786517
all_scores_n.txt,1872.8988764044943
all_scores_n.txt,1697.505617977528
all_scores_n.txt,2357.775280898876
all_scores_n.txt,784.629213483146
all_scores_n.txt,1495.9325842696626
all_scores_n.txt,879.3932584269662
all_scores_n.txt,1418.1460674157306
all_scores_n.txt,2745.8539325842703
all_scores_n.txt,773.0337078651685
all_scores_n.txt,-423.8089887640449
all_scores_n.txt,746.5505617977528
all_scores_n.txt,1285.067415730337
all_scores_n.txt,1849.3707865168544
all_scores_n.txt,1588.1460674157306
all_scores_n.txt,57.078651685393254
all_scores_n.txt,436.89887640449433
all_scores_n.txt,1499.5842696629215
all_scores_n.txt,846.2247191011234
all_scores_n.txt,-1164.6516853932585
all_scores_n.txt,1120.9101123595506
all_scores_n.txt,2361.9775280898884
all_scores_n.txt,1121.0561797752807
all_scores_n.txt,1229.4719101123594
all_scores_n.txt,552.4606741573034
all_scores_n.txt,1398.741573033708
all_scores_n.txt,1349.2134831460671
all_scores_n.txt,2485.134831460674
all_scores_n.txt,-750.370786516854
all_scores_n.txt,-14.539325842696599
all_scores_n.txt,706.7865168539324
all_scores_n.txt,1952.5393258426966
all_scores_n.txt,-1525.494382022472
all_scores_n.txt,1244.3820224719102
all_scores_n.txt,2365.4943820224717
all_scores_n.txt,-231.88764044943832
all_scores_n.txt,1109.9438202247188
all_scores_n.txt,1142.0224719101125
all_scores_n.txt,1480.2696629213483
all_scores_n.txt,953.4719101123594
all_scores_n.txt,1078.629213483146
all_scores_n.txt,-379.24719101123605
all_scores_n.txt,1144.191011235955
all_scores_n.txt,700.7865168539324
all_scores_n.txt,615.5393258426966
all_scores_n.txt,1821.6629213483147
all_scores_n.txt,-683.1348314606739
all_scores_n.txt,-122.04494382022472
all_scores_n.txt,2255.7865168539324
all_scores_n.txt,66.59550561797755
all_scores_n.txt,1337.741573033708
all_scores_n.txt,1700.7078651685397
all_scores_n.txt,2054.8988764044943
all_scores_n.txt,2141.1460674157306
all_scores_n.txt,1214.8539325842703
all_scores_n.txt,503.83146067415737
all_scores_n.txt,-110.24719101123605
all_scores_n.txt,674.4157303370794
all_scores_n.txt,114.10112359550567
all_scores_n.txt,985.5842696629215
all_scores_n.txt,458.9550561797753
all_scores_n.txt,717.752808988764
all_scores_n.txt,2237.61797752809
all_scores_n.txt,1659.258426966292
all_scores_n.txt,637.6741573033707
all_scores_n.txt,628.876404494382
all_scores_n.txt,511.51685393258424
all_scores_n.txt,68.39325842696621
all_scores_n.txt,1762.4157303370794
all_scores_n.txt,797.4269662921351
all_scores_n.txt,1573.865168539326
all_scores_n.txt,-745.8876404494383
all_scores_n.txt,2306.8988764044943
all_scores_n.txt,1052.7865168539324
all_scores_n.txt,1418.134831460674
all_scores_n.txt,1228.4943820224717
all_scores_n.txt,2080.696629213483
all_scores_n.txt,1133.8202247191011
all_scores_n.txt,1074.7752808988762
all_scores_n.txt,1622.0561797752807
all_scores_n.txt,215.06741573033696
all_scores_n.txt,815.1123595505617
all_scores_n.txt,1591.2921348314612
all_scores_n.txt,-2593.6516853932585
all_scores_n.txt,1642.0561797752807
all_scores_n.txt,464.97752808988844
all_scores_n.txt,1021.4943820224717
all_scores_n.txt,173.438202247191
all_scores_n.txt,1757.3820224719102
all_scores_n.txt,1699.1011235955057
all_scores_n.txt,2526.820224719101
all_scores_n.txt,1289.1797752808989
all_scores_n.txt,391.0224719101125
all_scores_n.txt,-1171.7640449438204
all_scores_n.txt,1427.3370786516853
all_scores_n.txt,2602.179775280899
all_scores_n.txt,1960.134831460674
all_scores_n.txt,573.5955056179776
all_scores_n.txt,723.696629213483
all_scores_n.txt,601.7415730337079
all_scores_n.txt,184.438202247191
all_scores_n.txt,156.75280898876395
all_scores_n.txt,-92.56179775280901
all_scores_n.txt,103.98876404494422
all_scores_n.txt,861.1910112359551
all_scores_n.txt,753.0337078651685
all_scores_n.txt,1440.9887640449442
all_scores_n.txt,919.4157303370794
all_scores_n.txt,585.5393258426966
all_scores_n.txt,406.67415730337075
all_scores_n.txt,2198.134831460674
all_scores_n.txt,737.9887640449442
all_scores_n.txt,-525.2584269662921
all_scores_n.txt,-374.5280898876406
all_scores_n.txt,2333.5842696629215
all_scores_n.txt,-88.04494382022472
all_scores_n.txt,1063.258426966292
all_scores_n.txt,1864.9438202247188
all_scores_n.txt,2591.775280898876
all_scores_n.txt,1693.191011235955
all_scores_n.txt,1616.741573033708
all_scores_n.txt,1243.1011235955057
all_scores_n.txt,2080.011235955056
all_scores_n.txt,149.10112359550567
all_scores_n.txt,556.8202247191011
all_scores_n.txt,-66.17977528089887
all_scores_n.txt,1158.9438202247188
all_scores_n.txt,308.59550561797755
all_scores_n.txt,2257.820224719101
all_scores_n.txt,1287.865168539326
all_scores_n.txt,-519.1685393258426
all_scores_n.txt,655.6741573033707
all_scores_n.txt,237.74157303370794
all_scores_n.txt,373.67415730337075
all_scores_n.txt,-696.7752808988766
all_scores_n.txt,2378.696629213483
all_scores_n.txt,616.7415730337079
all_scores_n.txt,588.9438202247188
all_scores_n.txt,414.9550561797753
all_scores_n.txt,1678.7078651685397
all_scores_n.txt,1909.741573033708
all_scores_n.txt,1282.5505617977528
all_scores_n.txt,951.1011235955057
all_scores_n.txt,433.10112359550567
all_scores_n.txt,-1619.685393258427
all_scores_n.txt,568.2247191011234
all_scores_n.txt,441.58426966292154
all_scores_n.txt,1856.6629213483147
all_scores_n.txt,-642.0449438202247
all_scores_n.txt,2003.303370786517
all_scores_n.txt,-386.0449438202247
all_scores_n.txt,2303.5842696629215
all_scores_n.txt,1259.2696629213483
all_scores_n.txt,-463.123595505618
all_scores_n.txt,1369.629213483146
all_scores_n.txt,886.8202247191011
all_scores_n.txt,341.59550561797755
all_scores_n.txt,121.78651685393243
all_scores_n.txt,293.2696629213483
all_scores_n.txt,713.752808988764
all_scores_n.txt,1126.9101123595506
all_scores_n.txt,-250.16853932584263
all_scores_n.txt,435.55056179775283
all_scores_n.txt,500.66292134831474
all_scores_n.txt,193.438202247191
all_scores_n.txt,1463.2247191011234
all_scores_n.txt,1265.067415730337
all_scores_n.txt,1358.258426966292
all_scores_n.txt,-932.3258426966293
all_scores_n.txt,724.9550561797753
all_scores_n.txt,1924.2247191011234
all_scores_n.txt,2027.2134831460671
all_scores_n.txt,-2851.7303370786517
all_scores_n.txt,314.91011235955057
all_scores_n.txt,1172.3370786516853
all_scores_n.txt,845.7415730337079
all_scores_n.txt,1580.8314606741574
all_scores_n.txt,572.3370786516853
all_scores_n.txt,1105.258426966292
all_scores_n.txt,-383.41573033707846
all_scores_n.txt,1269.5505617977528
all_scores_n.txt,1785.1797752808989
all_scores_n.txt,1438.1011235955057
all_scores_n.txt,1571.7752808988762
all_scores_n.txt,1981.6179775280898
all_scores_n.txt,934.7865168539324
all_scores_n.txt,1223.5842696629215
all_scores_n.txt,61.078651685393254
all_scores_n.txt,677.6741573033707
all_scores_n.txt,2468.3370786516853
all_scores_n.txt,1541.3483146067415
all_scores_n.txt,510.51685393258424
all_scores_n.txt,2650.38202247191
all_scores_n.txt,1737.9887640449442
all_scores_n.txt,2331.292134831461
all_scores_n.txt,2218.134831460674
all_scores_n.txt,-169.01123595505578
all_scores_n.txt,823.629213483146
all_scores_n.txt,1544.3483146067415
all_scores_n.txt,399.696629213483
all_scores_n.txt,207.2359550561797
all_scores_n.txt,1503.8988764044943
all_scores_n.txt,724.6629213483147
all_scores_n.txt,1158.9775280898884
all_scores_n.txt,972.067415730337
all_scores_n.txt,473.55056179775283
all_scores_n.txt,-257.57303370786485
all_scores_n.txt,229.51685393258424
all_scores_n.txt,969.1797752808989
all_scores_n.txt,642.8314606741574
all_scores_n.txt,1543.1797752808989
all_scores_n.txt,4.460674157303401
all_scores_n.txt,28.258426966292063
all_scores_n.txt,1383.4606741573034
all_scores_n.txt,160.89887640449433
all_scores_n.txt,2609.696629213483
all_scores_n.txt,293.5393258426966
all_scores_n.txt,-514.1685393258426
all_scores_n.txt,-285.48314606741576
all_scores_n.txt,1798.865168539326
all_scores_n.txt,-175.6067415730338
all_scores_n.txt,2081.4606741573034
all_scores_n.txt,1106.1123595505617
all_scores_n.txt,1315.258426966292
all_scores_n.txt,1425.0224719101125
all_scores_n.txt,322.59550561797755
all_scores_n.txt,-770.0449438202247
all_scores_n.txt,1534.1797752808989
all_scores_n.txt,1338.7752808988762
all_scores_n.txt,290.25842696629206
all_scores_n.txt,466.66292134831474
all_scores_n.txt,394.1573033707865
all_scores_n.txt,1781.3820224719102
all_scores_n.txt,361.7078651685397
all_scores_n.txt,963.696629213483
all_scores_n.txt,1543.5505617977528
all_scores_n.txt,32.91011235955057
all_scores_n.txt,20.42696629213515
all_scores_n.txt,1279.7865168539324
all_scores_n.txt,1051.8314606741574
all_scores_n.txt,786.7752808988762
all_scores_n.txt,757.0337078651685
all_scores_n.txt,722.3483146067415
all_scores_n.txt,339.82022471910113
all_scores_n.txt,591.5393258426966
all_scores_n.txt,684.3820224719102
all_scores_n.txt,796.9775280898884
all_scores_n.txt,1508.067415730337
all_scores_n.txt,46.382022471910204
all_scores_n.txt,2369.9775280898884
all_scores_n.txt,-149.696629213483
all_scores_n.txt,727.696629213483
all_scores_n.txt,1544.4606741573034
all_scores_n.txt,984.1910112359551
all_scores_n.txt,1871.5730337078649
all_scores_n.txt,1228.303370786517
all_scores_n.txt,-197.8539325842694
all_scores_n.txt,1145.3932584269662
all_scores_n.txt,409.1573033707865
all_scores_n.txt,1733.0112359550558
all_scores_n.txt,-1089.696629213483
all_scores_n.txt,1804.067415730337
all_scores_n.txt,103.30337078651701
all_scores_n.txt,636.6741573033707
all_scores_n.txt,1288.258426966292
all_scores_n.txt,1437.5393258426966
all_scores_n.txt,878.4157303370794
all_scores_n.txt,255.31460674157302
all_scores_n.txt,1737.9887640449442
all_scores_n.txt,1009.067415730337
all_scores_n.txt,-175.37078651685397
all_scores_n.txt,2276.0224719101125
all_scores_n.txt,1168.7865168539324
all_scores_n.txt,1486.5842696629215
all_scores_n.txt,-1549.808988764045
all_scores_n.txt,1227.5842696629215
all_scores_n.txt,335.5393258426966
all_scores_n.txt,1012.2584269662921
all_scores_n.txt,2492.651685393258
all_scores_n.txt,1668.134831460674
all_scores_n.txt,544.3483146067415
all_scores_n.txt,1181.258426966292
all_scores_n.txt,2327.3370786516853
all_scores_n.txt,461.58426966292154
all_scores_n.txt,1633.6629213483147
all_scores_n.txt,-405.2134831460676
all_scores_n.txt,911.6741573033707
all_scores_n.txt,-781.0898876404494
all_scores_n.txt,-1367.8876404494383
all_scores_n.txt,2291.696629213483
all_scores_n.txt,1388.1460674157306
all_scores_n.txt,-266.41573033707846
all_scores_n.txt,46.70786516853968
all_scores_n.txt,563.4269662921351
all_scores_n.txt,-1127.6516853932585
all_scores_n.txt,675.2696629213483
all_scores_n.txt,653.6741573033707
all_scores_n.txt,780.3483146067415
all_scores_n.txt,526.3370786516853
all_scores_n.txt,302.7977528089888
all_scores_n.txt,1814.3820224719102
all_scores_n.txt,2688.775280898876
all_scores_n.txt,1148.7078651685397
all_scores_n.txt,362.6179775280898
all_scores_n.txt,-493.08988764044943
all_scores_n.txt,1172.6179775280898
all_scores_n.txt,900.5056179775279
all_scores_n.txt,640.6741573033707
all_scores_n.txt,758.2359550561797
all_scores_n.txt,628.876404494382
all_scores_n.txt,67.30337078651701
all_scores_n.txt,2159.0561797752807
all_scores_n.txt,-13.370786516853968
all_scores_n.txt,1372.9101123595506
all_scores_n.txt,671.4719101123594
all_scores_n.txt,504.10112359550567
all_scores_n.txt,817.5393258426966
all_scores_n.txt,1190.4719101123594
all_scores_n.txt,521.5168539325842
all_scores_n.txt,699.9550561797753
all_scores_n.txt,1516.3820224719102
all_scores_n.txt,-411.89887640449433
all_scores_n.txt,-492.8876404494383
all_scores_n.txt,926.9887640449442
all_scores_n.txt,661.696629213483
all_scores_n.txt,-988.4157303370785
all_scores_n.txt,2046.1797752808989
all_scores_n.txt,1555.5505617977528
all_scores_n.txt,1425.0224719101125
all_scores_n.txt,851.5955056179776
all_scores_n.txt,620.5393258426966
all_scores_n.txt,1042.865168539326
all_scores_n.txt,1128.3932584269662
all_scores_n.txt,1493.8988764044943
all_scores_n.txt,2150.258426966292
all_scores_n.txt,1144.3932584269662
all_scores_n.txt,1648.9438202247188
all_scores_n.txt,1181.5842696629215
all_scores_n.txt,-31.48314606741576
all_scores_n.txt,103.47191011235941
all_scores_n.txt,1870.1460674157306
all_scores_n.txt,2109.6629213483147
all_scores_n.txt,1906.4269662921351
all_scores_n.txt,1381.0561797752807
all_scores_n.txt,1592.6629213483147
all_scores_n.txt,1266.5842696629215
all_scores_n.txt,458.4719101123594
all_scores_n.txt,742.3370786516853
all_scores_n.txt,-90.6516853932585
all_scores_n.txt,1182.2134831460671
all_scores_n.txt,1168.9887640449442
all_scores_n.txt,2326.38202247191
all_scores_n.txt,244.51685393258424
all_scores_n.txt,-182.21348314606757
all_scores_n.txt,183.2359550561797
all_scores_n.txt,-2339.685393258427
all_scores_n.txt,1771.2921348314612
all_scores_n.txt,365.876404494382
all_scores_n.txt,-221.97752808988753
all_scores_n.txt,734.2359550561797
all_scores_n.txt,2495.61797752809
all_scores_n.txt,497.3483146067415
all_scores_n.txt,678.6179775280898
all_scores_n.txt,754.2359550561797
all_scores_n.txt,-824.247191011236
all_scores_n.txt,2355.38202247191
all_scores_n.txt,914.6179775280898
all_scores_n.txt,-57.52808988764059
all_scores_n.txt,1444.9887640449442
all_scores_n.txt,2288.4943820224717
all_scores_n.txt,171.438202247191
all_scores_n.txt,1669.8539325842703
all_scores_n.txt,1214.2134831460671
all_scores_n.txt,1588.9438202247188
all_scores_n.txt,629.9887640449442
all_scores_n.txt,222.4606741573034
all_scores_n.txt,911.9887640449442
all_scores_n.txt,1504.3820224719102
all_scores_n.txt,787.1797752808989
all_scores_n.txt,1417.4943820224717
all_scores_n.txt,2277.1011235955057
all_scores_n.txt,1288.9775280898884
all_scores_n.txt,2333.8988764044943
all_scores_n.txt,1799.3820224719102
all_scores_n.txt,1342.629213483146
all_scores_n.txt,1621.9438202247188
all_scores_n.txt,454.1573033707865
all_scores_n.txt,247.17977528089887
all_scores_n.txt,-632.0449438202247
all_scores_n.txt,1030.4157303370794
all_scores_n.txt,863.8202247191011
all_scores_n.txt,2204.651685393258
all_scores_n.txt,1103.4606741573034
all_scores_n.txt,605.6179775280898
all_scores_n.txt,532.8314606741574
all_scores_n.txt,1301.2134831460671
all_scores_n.txt,391.4719101123594
all_scores_n.txt,2271.61797752809
all_scores_n.txt,103.39325842696621
all_scores_n.txt,956.1797752808989
all_scores_n.txt,1376.4269662921351
all_scores_n.txt,1102.4269662921351
all_scores_n.txt,-112.04494382022472
all_scores_n.txt,799.2584269662921
all_scores_n.txt,212.2359550561797
all_scores_n.txt,1570.3820224719102
all_scores_n.txt,-555.2022471910112
all_scores_n.txt,987.6629213483147
all_scores_n.txt,2374.179775280899
all_scores_n.txt,450.62921348314603
all_scores_n.txt,176.438202247191
all_scores_n.txt,634.876404494382
all_scores_n.txt,755.752808988764
all_scores_n.txt,959.696629213483
all_scores_n.txt,2052.067415730337
all_scores_n.txt,-31.280898876404507
all_scores_n.txt,597.1910112359551
all_scores_n.txt,2364.6629213483147
all_scores_n.txt,1976.651685393258
all_scores_n.txt,813.629213483146
all_scores_n.txt,218.03370786516848
all_scores_n.txt,2181.943820224719
all_scores_n.txt,359.876404494382
all_scores_n.txt,526.8651685393261
all_scores_n.txt,1822.865168539326
all_scores_n.txt,1017.3483146067415
all_scores_n.txt,1172.191011235955
all_scores_n.txt,691.9550561797753
all_scores_n.txt,158.5056179775279
all_scores_n.txt,-167.64044943820227
all_scores_n.txt,740.696629213483
all_scores_n.txt,2014.696629213483
all_scores_n.txt,2652.4606741573034
all_scores_n.txt,1939.8202247191011
all_scores_n.txt,622.876404494382
all_scores_n.txt,-761.685393258427
all_scores_n.txt,908.6741573033707
all_scores_n.txt,618.876404494382
all_scores_n.txt,-3973.044943820225
all_scores_n.txt,1396.9101123595506
all_scores_n.txt,2523.8539325842703
all_scores_n.txt,-176.4606741573034
all_scores_n.txt,2261.0224719101125
all_scores_n.txt,-1279.2921348314603
all_scores_n.txt,-241.4606741573034
all_scores_n.txt,586.5955056179776
all_scores_n.txt,-62.41573033707846
all_scores_n.txt,-1301.7752808988766
all_scores_n.txt,-385.561797752809
all_scores_n.txt,1031.8314606741574
all_scores_n.txt,569.4269662921351
all_scores_n.txt,236.66292134831474
all_scores_n.txt,335.10112359550567
all_scores_n.txt,447.3820224719102
all_scores_n.txt,1151.9101123595506
all_scores_n.txt,320.66292134831474
all_scores_n.txt,1278.3820224719102
all_scores_n.txt,305.59550561797755
all_scores_n.txt,518.0561797752807
all_scores_n.txt,1812.0112359550558
all_scores_n.txt,80.59550561797755
all_scores_n.txt,739.4606741573034
all_scores_n.txt,843.9101123595506
all_scores_n.txt,975.752808988764
all_scores_n.txt,1564.258426966292
all_scores_n.txt,1694.505617977528
all_scores_n.txt,568.3483146067415
all_scores_n.txt,1494.7865168539324
all_scores_n.txt,666.4606741573034
all_scores_n.txt,1141.9101123595506
all_scores_n.txt,704.696629213483
all_scores_n.txt,1024.2696629213483
all_scores_n.txt,-146.21348314606757
all_scores_n.txt,-1033.0898876404494
all_scores_n.txt,1841.4606741573034
all_scores_n.txt,963.303370786517
all_scores_n.txt,1702.8202247191011
all_scores_n.txt,696.9775280898884
all_scores_n.txt,1266.067415730337
all_scores_n.txt,809.1460674157306
all_scores_n.txt,115.87640449438197
all_scores_n.txt,736.3820224719102
all_scores_n.txt,370.876404494382
all_scores_n.txt,2243.0224719101125
all_scores_n.txt,742.4157303370794
all_scores_n.txt,1585.6629213483147
all_scores_n.txt,1376.1123595505617
all_scores_n.txt,1579.4606741573034
all_scores_n.txt,638.1910112359551
all_scores_n.txt,1098.5393258426966
all_scores_n.txt,796.314606741573
all_scores_n.txt,-32.29213483146032
all_scores_n.txt,837.9101123595506
all_scores_n.txt,-686.2921348314603
all_scores_n.txt,853.2247191011234
all_scores_n.txt,2465.3370786516853
all_scores_n.txt,-1020.4157303370785
all_scores_n.txt,246.31460674157302
all_scores_n.txt,-8.33707865168526
all_scores_n.txt,1424.9887640449442
all_scores_n.txt,1208.7865168539324
all_scores_n.txt,-101.41573033707846
all_scores_n.txt,880.1910112359551
all_scores_n.txt,-559.123595505618
all_scores_n.txt,-366.0449438202247
all_scores_n.txt,1493.7865168539324
all_scores_n.txt,439.58426966292154
all_scores_n.txt,488.696629213483
all_scores_n.txt,-66.7640449438203
all_scores_n.txt,1017.3820224719102
all_scores_n.txt,1720.6179775280898
all_scores_n.txt,973.067415730337
all_scores_n.txt,-285.8876404494383
all_scores_n.txt,1199.134831460674
all_scores_n.txt,1087.5393258426966
all_scores_n.txt,1658.9101123595506
all_scores_n.txt,537.0337078651685
all_scores_n.txt,609.9101123595506
all_scores_n.txt,1819.9775280898884
all_scores_n.txt,542.7415730337079
all_scores_n.txt,53.314606741573016
all_scores_n.txt,-364.24719101123605
all_scores_n.txt,584.4269662921351
all_scores_n.txt,1426.2247191011234
all_scores_n.txt,1355.9438202247188
all_scores_n.txt,1222.4157303370794
all_scores_n.txt,154.1573033707865
all_scores_n.txt,-431.32584269662925
all_scores_n.txt,1056.1460674157306
all_scores_n.txt,1201.4719101123594
all_scores_n.txt,1316.7752808988762
all_scores_n.txt,1190.8988764044943
all_scores_n.txt,2182.0561797752807
all_scores_n.txt,1044.9438202247188
all_scores_n.txt,-289.82022471910113
all_scores_n.txt,1352.5730337078649
all_scores_n.txt,1082.8539325842703
all_scores_n.txt,-649.7640449438203
all_scores_n.txt,230.10112359550567
all_scores_n.txt,1783.8988764044943
all_scores_n.txt,1355.0561797752807
all_scores_n.txt,-1634.4044943820224
all_scores_n.txt,1581.4943820224717
all_scores_n.txt,-853.685393258427
all_scores_n.txt,-3021.3258426966295
all_scores_n.txt,1345.9438202247188
all_scores_n.txt,120.98876404494422
all_scores_n.txt,1385.4606741573034
all_scores_n.txt,55.1910112359551
all_scores_n.txt,812.314606741573
all_scores_n.txt,293.33707865168526
all_scores_n.txt,1443.9887640449442
all_scores_n.txt,1418.505617977528
all_scores_n.txt,126.2696629213483
all_scores_n.txt,1793.3820224719102
all_scores_n.txt,1298.3483146067415
all_scores_n.txt,1579.9775280898884
all_scores_n.txt,1958.651685393258
all_scores_n.txt,-108.24719101123605
all_scores_n.txt,779.7752808988762
all_scores_n.txt,2938.4943820224717
all_scores_n.txt,-315.93258426966304
all_scores_n.txt,682.4719101123594
all_scores_n.txt,-1062.5730337078649
all_scores_n.txt,1203.4719101123594
all_scores_n.txt,1632.741573033708
all_scores_n.txt,1311.8314606741574
all_scores_n.txt,646.5056179775279
all_scores_n.txt,1643.5730337078649
all_scores_n.txt,829.7752808988762
all_scores_n.txt,985.5842696629215
all_scores_n.txt,2323.179775280899
all_scores_n.txt,303.97752808988844
all_scores_n.txt,1174.9887640449442
all_scores_n.txt,636.7865168539324
all_scores_n.txt,14.348314606741496
all_scores_n.txt,1773.9775280898884
all_scores_n.txt,1316.865168539326
all_scores_n.txt,1429.191011235955
all_scores_n.txt,1254.067415730337
all_scores_n.txt,2996.3370786516853
all_scores_n.txt,1100.629213483146
all_scores_n.txt,2521.61797752809
all_scores_n.txt,430.06741573033696
all_scores_n.txt,1503.2696629213483
all_scores_n.txt,1262.2134831460671
all_scores_n.txt,697.4719101123594
all_scores_n.txt,-76.6179775280898
all_scores_n.txt,526.5168539325842
all_scores_n.txt,1437.7078651685397
all_scores_n.txt,1470.8202247191011
all_scores_n.txt,369.303370786517
all_scores_n.txt,397.1573033707865
all_scores_n.txt,1090.4269662921351
all_scores_n.txt,544.5393258426966
all_scores_n.txt,699.3370786516853
all_scores_n.txt,-1406.4494382022472
all_scores_n.txt,1842.7752808988762
all_scores_n.txt,2593.292134831461
all_scores_n.txt,1870.9438202247188
all_scores_n.txt,1196.4719101123594
all_scores_n.txt,2116.179775280899
all_scores_n.txt,10.741573033707937
all_scores_n.txt,941.2696629213483
all_scores_n.txt,763.4606741573034
all_scores_n.txt,1093.8314606741574
all_scores_n.txt,1705.191011235955
all_scores_n.txt,923.2247191011234
all_scores_n.txt,1001.2696629213483
all_scores_n.txt,1366.629213483146
all_scores_n.txt,2149.8539325842703
all_scores_n.txt,-860.2134831460676
all_scores_n.txt,415.1573033707865
all_scores_n.txt,257.4606741573034
all_scores_n.txt,-1630.7752808988766
all_scores_n.txt,1322.8314606741574
all_scores_n.txt,-261.6179775280898
all_scores_n.txt,2101.1460674157306
all_scores_n.txt,1787.067415730337
all_scores_n.txt,1497.303370786517
all_scores_n.txt,511.51685393258424
all_scores_n.txt,2307.4494382022467
all_scores_n.txt,1867.741573033708
all_scores_n.txt,1858.9438202247188
all_scores_n.txt,839.1123595505617
all_scores_n.txt,1301.696629213483
all_scores_n.txt,2398.168539325843
all_scores_n.txt,1197.4719101123594
all_scores_n.txt,599.4269662921351
all_scores_n.txt,1435.9887640449442
all_scores_n.txt,898.6179775280898
all_scores_n.txt,4.224719101123355
all_scores_n.txt,-67.93258426966304
all_scores_n.txt,2695.5393258426966
all_scores_n.txt,683.8202247191011
all_scores_n.txt,770.8202247191011
all_scores_n.txt,755.1011235955057
all_scores_n.txt,2353.865168539326
all_scores_n.txt,2281.696629213483
all_scores_n.txt,1707.0224719101125
all_scores_n.txt,1461.303370786517
all_scores_n.txt,744.0337078651685
all_scores_n.txt,-1239.0449438202247
all_scores_n.txt,2206.8539325842703
all_scores_n.txt,972.696629213483
all_scores_n.txt,292.1123595505617
all_scores_n.txt,1532.1797752808989
all_scores_n.txt,970.5842696629215
all_scores_n.txt,1630.4269662921351
all_scores_n.txt,910.0224719101125
all_scores_n.txt,-104.56179775280901
all_scores_n.txt,282.9438202247188
all_scores_n.txt,-161.41573033707846
all_scores_n.txt,1600.9438202247188
all_scores_n.txt,854.7078651685397
all_scores_n.txt,1827.2921348314612
all_scores_n.txt,789.0561797752807
all_scores_n.txt,553.7865168539324
all_scores_n.txt,1400.7078651685397
all_scores_n.txt,1008.1797752808989
all_scores_n.txt,749.0337078651685
all_scores_n.txt,2277.820224719101
all_scores_n.txt,1243.5842696629215
all_scores_n.txt,2182.258426966292
all_scores_n.txt,1633.4269662921351
all_scores_n.txt,289.7977528089888
all_scores_n.txt,146.1573033707865
all_scores_n.txt,64.78651685393243
all_scores_n.txt,1171.1011235955057
all_scores_n.txt,-683.0449438202247
all_scores_n.txt,1158.6179775280898
all_scores_n.txt,289.62921348314603
all_scores_n.txt,1670.0224719101125
all_scores_n.txt,308.25842696629206
all_scores_n.txt,1721.6179775280898
all_scores_n.txt,1636.8539325842703
all_scores_n.txt,454.89887640449433
all_scores_n.txt,934.2696629213483
all_scores_n.txt,913.6741573033707
all_scores_n.txt,25.94382022471882
all_scores_n.txt,2276.8988764044943
all_scores_n.txt,1156.3932584269662
all_scores_n.txt,2078.179775280899
all_scores_n.txt,486.9438202247188
all_scores_n.txt,-1425.0449438202247
all_scores_n.txt,294.8651685393261
all_scores_n.txt,1176.8988764044943
all_scores_n.txt,1050.9775280898884
all_scores_n.txt,1821.3483146067415
all_scores_n.txt,2167.4606741573034
all_scores_n.txt,2082.573033707865
all_scores_n.txt,1256.752808988764
all_scores_n.txt,2105.258426966292
all_scores_n.txt,142.10112359550567
all_scores_n.txt,245.51685393258424
all_scores_n.txt,168.3820224719102
all_scores_n.txt,1274.1797752808989
all_scores_n.txt,982.752808988764
all_scores_n.txt,391.89887640449433
all_scores_n.txt,1031.0337078651685
all_scores_n.txt,506.51685393258424
all_scores_n.txt,992.752808988764
all_scores_n.txt,1271.1797752808989
all_scores_n.txt,1225.7865168539324
all_scores_n.txt,1916.5393258426966
all_scores_n.txt,2020.8988764044943
all_scores_n.txt,2097.1460674157306
all_scores_n.txt,1581.1460674157306
all_scores_n.txt,411.82022471910113
all_scores_n.txt,339.876404494382
all_scores_n.txt,2469.2247191011234
all_scores_n.txt,1218.7865168539324
all_scores_n.txt,626.4157303370794
all_scores_n.txt,1317.3483146067415
all_scores_n.txt,976.752808988764
all_scores_n.txt,-185.17977528089887
all_scores_n.txt,198.17977528089887
all_scores_n.txt,590.3932584269662
all_scores_n.txt,1808.3820224719102
all_scores_n.txt,-358.9775280898875
all_scores_n.txt,945.3820224719102
all_scores_n.txt,531.1123595505617
all_scores_n.txt,282.7977528089888
all_scores_n.txt,796.314606741573
all_scores_n.txt,2076.6629213483147
all_scores_n.txt,212.58426966292154
all_scores_n.txt,1778.3820224719102
all_scores_n.txt,1254.3820224719102
all_scores_n.txt,7.83146067415737
all_scores_n.txt,1615.629213483146
all_scores_n.txt,-2981.1685393258426
all_scores_n.txt,1173.0224719101125
all_scores_n.txt,1611.629213483146
all_scores_n.txt,4.7977528089887755
all_scores_n.txt,868.3932584269662
all_scores_n.txt,-40.88764044943832
all_scores_n.txt,962.9550561797753
all_scores_n.txt,1561.3483146067415
all_scores_n.txt,40.4606741573034
all_scores_n.txt,66.07865168539325
all_scores_n.txt,2198.0224719101125
all_scores_n.txt,1083.4606741573034
all_scores_n.txt,-103.10112359550567
all_scores_n.txt,1842.3483146067415
all_scores_n.txt,332.59550561797755
all_scores_n.txt,1027.7752808988762
all_scores_n.txt,576.629213483146
all_scores_n.txt,1115.1123595505617
all_scores_n.txt,843.5955056179776
all_scores_n.txt,2326.730337078652
all_scores_n.txt,987.5842696629215
all_scores_n.txt,761.0337078651685
all_scores_n.txt,1513.067415730337
all_scores_n.txt,1669.5393258426966
all_scores_n.txt,505.62921348314603
all_scores_n.txt,-856.9662921348315
all_scores_n.txt,45.797752808988776
all_scores_n.txt,911.5393258426966
all_scores_n.txt,71.07865168539325
all_scores_n.txt,1017.1797752808989
all_scores_n.txt,653.629213483146
all_scores_n.txt,1895.258426966292
all_scores_n.txt,-214.40449438202245
all_scores_n.txt,994.7865168539324
all_scores_n.txt,1125.4157303370794
all_scores_n.txt,1993.1011235955057
all_scores_n.txt,2081.9775280898884
all_scores_n.txt,329.82022471910113
all_scores_n.txt,982.696629213483
all_scores_n.txt,163.89887640449433
all_scores_n.txt,552.5393258426966
all_scores_n.txt,2284.134831460674
all_scores_n.txt,1143.8202247191011
all_scores_n.txt,1686.8539325842703
all_scores_n.txt,951.1011235955057
all_scores_n.txt,539.314606741573
all_scores_n.txt,-1152.3370786516853
all_scores_n.txt,1301.3483146067415
all_scores_n.txt,361.876404494382
all_scores_n.txt,540.9438202247188
all_scores_n.txt,1686.2247191011234
all_scores_n.txt,848.5056179775279
all_scores_n.txt,-601.6516853932585
all_scores_n.txt,3192.258426966292
all_scores_n.txt,1058.0561797752807
all_scores_n.txt,1498.696629213483
all_scores_n.txt,1246.2696629213483
all_scores_n.txt,2386.8089887640454
all_scores_n.txt,1659.4606741573034
all_scores_n.txt,1428.7078651685397
all_scores_n.txt,1066.9775280898884
all_scores_n.txt,-669.0449438202247
all_scores_n.txt,63.5393258426966
all_scores_n.txt,1354.2247191011234
all_scores_n.txt,1118.7078651685397
all_scores_n.txt,1842.6629213483147
all_scores_n.txt,1039.8314606741574
all_scores_n.txt,1843.6629213483147
all_scores_n.txt,1679.0224719101125
all_scores_n.txt,1814.2134831460671
all_scores_n.txt,321.3932584269662
all_scores_n.txt,-729.0561797752812
all_scores_n.txt,668.3820224719102
all_scores_n.txt,369.6179775280898
all_scores_n.txt,1825.4943820224717
all_scores_n.txt,713.3483146067415
all_scores_m.txt,2021.1011235955057
all_scores_m.txt,1841.258426966292
all_scores_m.txt,-736.8876404494383
all_scores_m.txt,178.2696629213483
all_scores_m.txt,628.1910112359551
all_scores_m.txt,1135.8539325842703
all_scores_m.txt,1695.8202247191011
all_scores_m.txt,1714.8202247191011
all_scores_m.txt,1187.191011235955
all_scores_m.txt,348.74157303370794
all_scores_m.txt,1178.2247191011234
all_scores_m.txt,1051.629213483146
all_scores_m.txt,1237.1011235955057
all_scores_m.txt,-1024.0561797752812
all_scores_m.txt,1012.8988764044943
all_scores_m.txt,452.696629213483
all_scores_m.txt,-13.33707865168526
all_scores_m.txt,1444.303370786517
all_scores_m.txt,1597.9438202247188
all_scores_m.txt,1833.3483146067415
all_scores_m.txt,1071.8314606741574
all_scores_m.txt,-1106.3370786516853
all_scores_m.txt,1250.865168539326
all_scores_m.txt,1423.134831460674
all_scores_m.txt,1582.8202247191011
all_scores_m.txt,451.10112359550567
all_scores_m.txt,453.2359550561797
all_scores_m.txt,-144.5280898876406
all_scores_m.txt,1257.5842696629215
all_scores_m.txt,885.1910112359551
all_scores_m.txt,624.5393258426966
all_scores_m.txt,332.33707865168526
all_scores_m.txt,2647.52808988764
all_scores_m.txt,1263.6629213483147
all_scores_m.txt,731.2359550561797
all_scores_m.txt,1503.2696629213483
all_scores_m.txt,3141.775280898876
all_scores_m.txt,-2433.011235955056
all_scores_m.txt,1795.067415730337
all_scores_m.txt,1279.1797752808989
all_scores_m.txt,1678.651685393258
all_scores_m.txt,799.3483146067415
all_scores_m.txt,611.3370786516853
all_scores_m.txt,1108.9101123595506
all_scores_m.txt,9.797752808988776
all_scores_m.txt,1782.3820224719102
all_scores_m.txt,1272.865168539326
all_scores_m.txt,778.629213483146
all_scores_m.txt,516.5168539325842
all_scores_m.txt,1934.3707865168544
all_scores_m.txt,921.6741573033707
all_scores_m.txt,673.3370786516853
all_scores_m.txt,1233.4719101123594
all_scores_m.txt,291.7977528089888
all_scores_m.txt,-713.9775280898875
all_scores_m.txt,443.06741573033696
all_scores_m.txt,1157.3932584269662
all_scores_m.txt,3443.775280898876
all_scores_m.txt,2052.8988764044943
all_scores_m.txt,1317.1460674157306
all_scores_m.txt,1124.629213483146
all_scores_m.txt,1123.0224719101125
all_scores_m.txt,676.4719101123594
all_scores_m.txt,458.1460674157306
all_scores_m.txt,1534.067415730337
all_scores_m.txt,2482.2247191011234
all_scores_m.txt,2049.134831460674
all_scores_m.txt,1879.1460674157306
all_scores_m.txt,544.0337078651685
all_scores_m.txt,1827.9775280898884
all_scores_m.txt,792.314606741573
all_scores_m.txt,282.7977528089888
all_scores_m.txt,1723.0224719101125
all_scores_m.txt,178.2696629213483
all_scores_m.txt,-135.21348314606757
all_scores_m.txt,287.7977528089888
all_scores_m.txt,2260.134831460674
all_scores_m.txt,1037.5505617977528
all_scores_m.txt,1028.0337078651685
all_scores_m.txt,152.1910112359551
all_scores_m.txt,585.1123595505617
all_scores_m.txt,868.2247191011234
all_scores_m.txt,3208.9775280898884
all_scores_m.txt,1062.1797752808989
all_scores_m.txt,109.78651685393243
all_scores_m.txt,1752.3820224719102
all_scores_m.txt,2871.011235955056
all_scores_m.txt,-35.74157303370794
all_scores_m.txt,1309.9438202247188
all_scores_m.txt,289.7977528089888
all_scores_m.txt,-262.0561797752812
all_scores_m.txt,427.6179775280898
all_scores_m.txt,1417.0224719101125
all_scores_m.txt,2523.1011235955057
all_scores_m.txt,995.067415730337
all_scores_m.txt,590.5955056179776
all_scores_m.txt,1180.1011235955057
all_scores_m.txt,-51.48314606741576
all_scores_m.txt,1838.1797752808989
all_scores_m.txt,2301.134831460674
all_scores_m.txt,209.4719101123594
all_scores_m.txt,454.6179775280898
all_scores_m.txt,1309.8314606741574
all_scores_m.txt,-1221.808988764045
all_scores_m.txt,2565.8988764044943
all_scores_m.txt,1316.8314606741574
all_scores_m.txt,-168.01123595505578
all_scores_m.txt,1125.258426966292
all_scores_m.txt,504.17977528089887
all_scores_m.txt,1378.9101123595506
all_scores_m.txt,1282.5505617977528
all_scores_m.txt,26.51685393258424
all_scores_m.txt,1398.0224719101125
all_scores_m.txt,1787.3820224719102
all_scores_m.txt,2079.5842696629215
all_scores_m.txt,514.5168539325842
all_scores_m.txt,940.7865168539324
all_scores_m.txt,800.7415730337079
all_scores_m.txt,1609.7752808988762
all_scores_m.txt,920.9887640449442
all_scores_m.txt,1766.1011235955057
all_scores_m.txt,1121.9101123595506
all_scores_m.txt,1279.7752808988762
all_scores_m.txt,1211.9887640449442
all_scores_m.txt,524.5168539325842
all_scores_m.txt,281.1123595505617
all_scores_m.txt,1195.1011235955057
all_scores_m.txt,812.5393258426966
all_scores_m.txt,283.7977528089888
all_scores_m.txt,-951.4943820224721
all_scores_m.txt,1243.7865168539324
all_scores_m.txt,1530.865168539326
all_scores_m.txt,869.1910112359551
all_scores_m.txt,285.7977528089888
all_scores_m.txt,404.1573033707865
all_scores_m.txt,2782.4494382022467
all_scores_m.txt,1621.1460674157306
all_scores_m.txt,1562.4606741573034
all_scores_m.txt,1849.7752808988762
all_scores_m.txt,2002.303370786517
all_scores_m.txt,875.3932584269662
all_scores_m.txt,1298.3483146067415
all_scores_m.txt,1433.7752808988762
all_scores_m.txt,2064.213483146067
all_scores_m.txt,1934.7752808988762
all_scores_m.txt,1387.4269662921351
all_scores_m.txt,-410.41573033707846
all_scores_m.txt,1587.2921348314612
all_scores_m.txt,1123.9438202247188
all_scores_m.txt,291.7977528089888
all_scores_m.txt,2062.5842696629215
all_scores_m.txt,-855.6179775280898
all_scores_m.txt,731.067415730337
all_scores_m.txt,238.25842696629206
all_scores_m.txt,445.67415730337075
all_scores_m.txt,351.1910112359551
all_scores_m.txt,2870.179775280899
all_scores_m.txt,1851.4606741573034
all_scores_m.txt,262.10112359550567
all_scores_m.txt,-357.24719101123605
all_scores_m.txt,1824.9775280898884
all_scores_m.txt,1867.9438202247188
all_scores_m.txt,2387.6629213483147
all_scores_m.txt,1666.3370786516853
all_scores_m.txt,657.6741573033707
all_scores_m.txt,1364.4269662921351
all_scores_m.txt,-3.4494382022471655
all_scores_m.txt,1595.8539325842703
all_scores_m.txt,-266.0561797752812
all_scores_m.txt,1639.8202247191011
all_scores_m.txt,-505.8089887640449
all_scores_m.txt,-120.04494382022472
all_scores_m.txt,1155.0224719101125
all_scores_m.txt,916.696629213483
all_scores_m.txt,-76.7303370786517
all_scores_m.txt,1833.1011235955057
all_scores_m.txt,-88.56179775280901
all_scores_m.txt,277.4606741573034
all_scores_m.txt,1431.8202247191011
all_scores_m.txt,-1299.2921348314603
all_scores_m.txt,1567.3483146067415
all_scores_m.txt,170.438202247191
all_scores_m.txt,2447.651685393258
all_scores_m.txt,541.4606741573034
all_scores_m.txt,1302.3820224719102
all_scores_m.txt,506.51685393258424
all_scores_m.txt,1827.1797752808989
all_scores_m.txt,1545.7752808988762
all_scores_m.txt,1323.8314606741574
all_scores_m.txt,1326.8314606741574
all_scores_m.txt,984.6179775280898
all_scores_m.txt,185.17977528089887
all_scores_m.txt,2054.5842696629215
all_scores_m.txt,303.7977528089888
all_scores_m.txt,1525.067415730337
all_scores_m.txt,-887.2134831460676
all_scores_m.txt,336.9887640449442
all_scores_m.txt,724.5842696629215
all_scores_m.txt,-267.0561797752812
all_scores_m.txt,1764.696629213483
all_scores_m.txt,341.33707865168526
all_scores_m.txt,940.4719101123594
all_scores_m.txt,630.303370786517
all_scores_m.txt,448.10112359550567
all_scores_m.txt,1836.3483146067415
all_scores_m.txt,696.9550561797753
all_scores_m.txt,512.5168539325842
all_scores_m.txt,395.1573033707865
all_scores_m.txt,1899.258426966292
all_scores_m.txt,2010.1011235955057
all_scores_m.txt,2238.303370786517
all_scores_m.txt,1567.9775280898884
all_scores_m.txt,863.5056179775279
all_scores_m.txt,1953.505617977528
all_scores_m.txt,-498.17977528089887
all_scores_m.txt,294.7977528089888
all_scores_m.txt,1142.9775280898884
all_scores_m.txt,1968.0224719101125
all_scores_m.txt,-99.44943820224717
all_scores_m.txt,-454.2921348314603
all_scores_m.txt,1402.2247191011234
all_scores_m.txt,193.2359550561797
all_scores_m.txt,625.876404494382
all_scores_m.txt,2175.0561797752807
all_scores_m.txt,1511.9325842696626
all_scores_m.txt,2088.696629213483
all_scores_m.txt,1212.4719101123594
all_scores_m.txt,796.6629213483147
all_scores_m.txt,719.8651685393261
all_scores_m.txt,1246.752808988764
all_scores_m.txt,53.25842696629206
all_scores_m.txt,2504.8539325842703
all_scores_m.txt,1444.191011235955
all_scores_m.txt,1632.4606741573034
all_scores_m.txt,1683.0224719101125
all_scores_m.txt,811.696629213483
all_scores_m.txt,801.067415730337
all_scores_m.txt,1064.1460674157306
all_scores_m.txt,1005.2696629213483
all_scores_m.txt,-506.33707865168526
all_scores_m.txt,322.66292134831474
all_scores_m.txt,1162.7078651685397
all_scores_m.txt,2373.775280898876
all_scores_m.txt,921.6741573033707
all_scores_m.txt,-170.41573033707846
all_scores_m.txt,168.58426966292154
all_scores_m.txt,1217.8988764044943
all_scores_m.txt,1090.1123595505617
all_scores_m.txt,1627.258426966292
all_scores_m.txt,328.3932584269662
all_scores_m.txt,1257.5842696629215
all_scores_m.txt,809.314606741573
all_scores_m.txt,1818.6629213483147
all_scores_m.txt,710.752808988764
all_scores_m.txt,2006.303370786517
all_scores_m.txt,96.98876404494422
all_scores_m.txt,-181.97752808988753
all_scores_m.txt,620.3932584269662
all_scores_m.txt,-647.696629213483
all_scores_m.txt,296.3820224719102
all_scores_m.txt,799.9438202247188
all_scores_m.txt,1966.303370786517
all_scores_m.txt,1463.8988764044943
all_scores_m.txt,572.629213483146
all_scores_m.txt,-494.2921348314603
all_scores_m.txt,1329.1460674157306
all_scores_m.txt,2172.4606741573034
all_scores_m.txt,1337.4269662921351
all_scores_m.txt,283.7977528089888
all_scores_m.txt,1539.4943820224717
all_scores_m.txt,589.9101123595506
all_scores_m.txt,996.4943820224717
all_scores_m.txt,2173.573033707865
all_scores_m.txt,367.1910112359551
all_scores_m.txt,1333.9438202247188
all_scores_m.txt,2334.179775280899
all_scores_m.txt,2111.9775280898884
all_scores_m.txt,797.0337078651685
all_scores_m.txt,1392.9101123595506
all_scores_m.txt,-1346.0898876404494
all_scores_m.txt,1145.191011235955
all_scores_m.txt,1230.3820224719102
all_scores_m.txt,982.9775280898884
all_scores_m.txt,1486.5393258426966
all_scores_m.txt,508.51685393258424
all_scores_m.txt,381.3932584269662
all_scores_m.txt,1232.067415730337
all_scores_m.txt,1449.303370786517
all_scores_m.txt,1512.8988764044943
all_scores_m.txt,1911.4269662921351
all_scores_m.txt,-480.08988764044943
all_scores_m.txt,1044.8314606741574
all_scores_m.txt,2532.303370786517
all_scores_m.txt,1389.7078651685397
all_scores_m.txt,982.4719101123594
all_scores_m.txt,2675.0561797752807
all_scores_m.txt,1039.8314606741574
all_scores_m.txt,1201.1011235955057
all_scores_m.txt,1094.0561797752807
all_scores_m.txt,295.91011235955057
all_scores_m.txt,1297.4606741573034
all_scores_m.txt,1049.8988764044943
all_scores_m.txt,786.8314606741574
all_scores_m.txt,1047.0337078651685
all_scores_m.txt,1576.1460674157306
all_scores_m.txt,2170.426966292135
all_scores_m.txt,2620.8089887640454
all_scores_m.txt,1496.067415730337
all_scores_m.txt,832.2247191011234
all_scores_m.txt,609.0561797752807
all_scores_m.txt,3211.168539325843
all_scores_m.txt,1040.8314606741574
all_scores_m.txt,311.83146067415737
all_scores_m.txt,2219.4494382022467
all_scores_m.txt,239.75280898876395
all_scores_m.txt,1820.696629213483
all_scores_m.txt,1797.2921348314612
all_scores_m.txt,-624.5393258426966
all_scores_m.txt,-199.12359550561803
all_scores_m.txt,1993.9887640449442
all_scores_m.txt,1627.7752808988762
all_scores_m.txt,2092.865168539326
all_scores_m.txt,1363.741573033708
all_scores_m.txt,1271.3483146067415
all_scores_m.txt,1462.8202247191011
all_scores_m.txt,687.9887640449442
all_scores_m.txt,179.438202247191
all_scores_m.txt,1903.2247191011234
all_scores_m.txt,985.1797752808989
all_scores_m.txt,1715.505617977528
all_scores_m.txt,878.629213483146
all_scores_m.txt,-679.0449438202247
all_scores_m.txt,1260.752808988764
all_scores_m.txt,-1063.808988764045
all_scores_m.txt,352.876404494382
all_scores_m.txt,-1388.8539325842694
all_scores_m.txt,1599.6629213483147
all_scores_m.txt,-79.32584269662925
all_scores_m.txt,1442.191011235955
all_scores_m.txt,1939.0224719101125
all_scores_m.txt,1888.9438202247188
all_scores_m.txt,1536.2134831460671
all_scores_m.txt,1808.9775280898884
all_scores_m.txt,1724.8988764044943
all_scores_m.txt,1347.629213483146
all_scores_m.txt,-1627.1685393258426
all_scores_m.txt,1665.4269662921351
all_scores_m.txt,1376.2247191011234
all_scores_m.txt,149.89887640449433
all_scores_m.txt,2404.943820224719
all_scores_m.txt,988.5505617977528
all_scores_m.txt,546.629213483146
all_scores_m.txt,-882.1348314606739
all_scores_m.txt,486.0337078651685
all_scores_m.txt,1139.7078651685397
all_scores_m.txt,935.8988764044943
all_scores_m.txt,447.9550561797753
all_scores_m.txt,2167.426966292135
all_scores_m.txt,1327.8314606741574
all_scores_m.txt,1528.067415730337
all_scores_m.txt,634.6741573033707
all_scores_m.txt,1248.9775280898884
all_scores_m.txt,1714.1011235955057
all_scores_m.txt,2056.4943820224717
all_scores_m.txt,-242.40449438202245
all_scores_m.txt,1246.865168539326
all_scores_m.txt,843.314606741573
all_scores_m.txt,473.75280898876395
all_scores_m.txt,1580.5730337078649
all_scores_m.txt,1379.4606741573034
all_scores_m.txt,475.17977528089887
all_scores_m.txt,2161.775280898876
all_scores_m.txt,1382.4943820224717
all_scores_m.txt,1292.6629213483147
all_scores_m.txt,1292.9438202247188
all_scores_m.txt,1954.134831460674
all_scores_m.txt,-124.32584269662925
all_scores_m.txt,-83.21348314606757
all_scores_m.txt,1815.9775280898884
all_scores_m.txt,-1811.3258426966293
all_scores_m.txt,-351.41573033707846
all_scores_m.txt,1637.3370786516853
all_scores_m.txt,830.1123595505617
all_scores_m.txt,1326.8314606741574
all_scores_m.txt,1557.5505617977528
all_scores_m.txt,1841.1797752808989
all_scores_m.txt,536.314606741573
all_scores_m.txt,947.2696629213483
all_scores_m.txt,326.59550561797755
all_scores_m.txt,1940.5393258426966
all_scores_m.txt,1906.2247191011234
all_scores_m.txt,182.438202247191
all_scores_m.txt,942.5056179775279
all_scores_m.txt,1095.9438202247188
all_scores_m.txt,2528.61797752809
all_scores_m.txt,1911.4606741573034
all_scores_m.txt,1206.4719101123594
all_scores_m.txt,1354.4269662921351
all_scores_m.txt,319.314606741573
all_scores_m.txt,444.33707865168526
all_scores_m.txt,1511.2134831460671
all_scores_m.txt,1146.505617977528
all_scores_m.txt,2208.3370786516853
all_scores_m.txt,2536.303370786517
all_scores_m.txt,560.1123595505617
all_scores_m.txt,680.0224719101125
all_scores_m.txt,1697.505617977528
all_scores_m.txt,1183.0224719101125
all_scores_m.txt,1500.7865168539324
all_scores_m.txt,691.9550561797753
all_scores_m.txt,2092.6629213483147
all_scores_m.txt,795.314606741573
all_scores_m.txt,1121.5393258426966
all_scores_m.txt,1007.6629213483147
all_scores_m.txt,2721.741573033708
all_scores_m.txt,851.5955056179776
all_scores_m.txt,95.39325842696621
all_scores_m.txt,1725.6179775280898
all_scores_m.txt,2426.0561797752807
all_scores_m.txt,289.7977528089888
all_scores_m.txt,1508.067415730337
all_scores_m.txt,510.51685393258424
all_scores_m.txt,-72.21348314606757
all_scores_m.txt,613.5955056179776
all_scores_m.txt,1757.1011235955057
all_scores_m.txt,876.3932584269662
all_scores_m.txt,1833.3483146067415
all_scores_m.txt,1698.505617977528
all_scores_m.txt,856.5955056179776
all_scores_m.txt,1678.8539325842703
all_scores_m.txt,441.58426966292154
all_scores_m.txt,401.9550561797753
all_scores_m.txt,1203.9887640449442
all_scores_m.txt,1618.629213483146
all_scores_m.txt,-57.617977528089796
all_scores_m.txt,1025.3820224719102
all_scores_m.txt,1304.8314606741574
all_scores_m.txt,736.752808988764
all_scores_m.txt,1728.8202247191011
all_scores_m.txt,1257.9887640449442
all_scores_m.txt,2062.179775280899
all_scores_m.txt,-999.0898876404494
all_scores_m.txt,1770.3820224719102
all_scores_m.txt,1768.2696629213483
all_scores_m.txt,1865.7752808988762
all_scores_m.txt,-970.4157303370785
all_scores_m.txt,1455.7078651685397
all_scores_m.txt,1546.6629213483147
all_scores_m.txt,1220.7865168539324
all_scores_m.txt,1498.696629213483
all_scores_m.txt,1029.3483146067415
all_scores_m.txt,572.5955056179776
all_scores_m.txt,1436.4157303370794
all_scores_m.txt,642.6741573033707
all_scores_m.txt,245.4606741573034
all_scores_m.txt,-812.685393258427
all_scores_m.txt,1636.5730337078649
all_scores_m.txt,1055.1460674157306
all_scores_m.txt,402.4719101123594
all_scores_m.txt,260.314606741573
all_scores_m.txt,1179.1011235955057
all_scores_m.txt,749.0337078651685
all_scores_m.txt,824.1123595505617
all_scores_m.txt,1270.3820224719102
all_scores_m.txt,1333.7752808988762
all_scores_m.txt,-43.10112359550567
all_scores_m.txt,-647.6516853932585
all_scores_m.txt,2097.4606741573034
all_scores_m.txt,1481.5842696629215
all_scores_m.txt,2484.820224719101
all_scores_m.txt,1256.5505617977528
all_scores_m.txt,2225.820224719101
all_scores_m.txt,1069.629213483146
all_scores_m.txt,1120.3370786516853
all_scores_m.txt,291.7977528089888
all_scores_m.txt,67.98876404494422
all_scores_m.txt,1697.8202247191011
all_scores_m.txt,-217.37078651685397
all_scores_m.txt,159.75280898876395
all_scores_m.txt,1996.8988764044943
all_scores_m.txt,-1960.808988764045
all_scores_m.txt,638.6741573033707
all_scores_m.txt,1613.6629213483147
all_scores_m.txt,548.4269662921351
all_scores_m.txt,1787.8539325842703
all_scores_m.txt,340.0224719101125
all_scores_m.txt,-406.7303370786517
all_scores_m.txt,1408.5393258426966
all_scores_m.txt,880.3370786516853
all_scores_m.txt,646.4719101123594
all_scores_m.txt,2294.5842696629215
all_scores_m.txt,1975.505617977528
all_scores_m.txt,259.17977528089887
all_scores_m.txt,1460.1011235955057
all_scores_m.txt,1390.9438202247188
all_scores_m.txt,291.7977528089888
all_scores_m.txt,1863.9775280898884
all_scores_m.txt,1453.0224719101125
all_scores_m.txt,830.1797752808989
all_scores_m.txt,915.9887640449442
all_scores_m.txt,2817.213483146067
all_scores_m.txt,1970.4157303370794
all_scores_m.txt,799.314606741573
all_scores_m.txt,2970.8539325842703
all_scores_m.txt,1036.4606741573034
all_scores_m.txt,1042.4943820224717
all_scores_m.txt,972.2696629213483
all_scores_m.txt,1368.8314606741574
all_scores_m.txt,1795.8988764044943
all_scores_m.txt,535.4606741573034
all_scores_m.txt,3101.8988764044943
all_scores_m.txt,836.4606741573034
all_scores_m.txt,2740.651685393258
all_scores_m.txt,1233.067415730337
all_scores_m.txt,-958.0449438202247
all_scores_m.txt,1158.303370786517
all_scores_m.txt,2739.651685393258
all_scores_m.txt,2009.7865168539324
all_scores_m.txt,1384.5393258426966
all_scores_m.txt,1264.067415730337
all_scores_m.txt,1134.3932584269662
all_scores_m.txt,1770.1011235955057
all_scores_m.txt,1469.2134831460671
all_scores_m.txt,1058.9775280898884
all_scores_m.txt,1281.8988764044943
all_scores_m.txt,464.2359550561797
all_scores_m.txt,30.258426966292063
all_scores_m.txt,982.2696629213483
all_scores_m.txt,1690.3370786516853
all_scores_m.txt,961.9550561797753
all_scores_m.txt,1864.9438202247188
all_scores_m.txt,2182.741573033708
all_scores_m.txt,1567.1797752808989
all_scores_m.txt,2210.8539325842703
all_scores_m.txt,283.7977528089888
all_scores_m.txt,803.2247191011234
all_scores_m.txt,2770.3370786516853
all_scores_m.txt,924.696629213483
all_scores_m.txt,1782.3820224719102
all_scores_m.txt,244.83146067415737
all_scores_m.txt,1533.6629213483147
all_scores_m.txt,744.2359550561797
all_scores_m.txt,1180.7865168539324
all_scores_m.txt,1864.9325842696626
all_scores_m.txt,633.3370786516853
all_scores_m.txt,546.0224719101125
all_scores_m.txt,958.2696629213483
all_scores_m.txt,1873.2921348314612
all_scores_m.txt,-809.4044943820224
all_scores_m.txt,574.5955056179776
all_scores_m.txt,92.67415730337075
all_scores_m.txt,1377.9101123595506
all_scores_m.txt,1041.8314606741574
all_scores_m.txt,1531.2134831460671
all_scores_m.txt,150.2696629213483
all_scores_m.txt,-43.74157303370794
all_scores_m.txt,1325.629213483146
all_scores_m.txt,1080.0561797752807
all_scores_m.txt,1849.258426966292
all_scores_m.txt,641.1011235955057
all_scores_m.txt,1133.865168539326
all_scores_m.txt,825.7415730337079
all_scores_m.txt,1152.8202247191011
all_scores_m.txt,1643.3370786516853
all_scores_m.txt,-1776.247191011236
all_scores_m.txt,2042.696629213483
all_scores_m.txt,667.7865168539324
all_scores_m.txt,2001.7865168539324
all_scores_m.txt,995.4943820224717
all_scores_m.txt,2516.820224719101
all_scores_m.txt,1756.8202247191011
all_scores_m.txt,-9.48314606741576
all_scores_m.txt,693.9550561797753
all_scores_m.txt,1655.2247191011234
all_scores_m.txt,1061.7752808988762
all_scores_m.txt,1740.1011235955057
all_scores_m.txt,2387.4606741573034
all_scores_m.txt,1054.0561797752807
all_scores_m.txt,1617.4606741573034
all_scores_m.txt,211.66292134831474
all_scores_m.txt,2633.775280898876
all_scores_m.txt,2309.8988764044943
all_scores_m.txt,1661.651685393258
all_scores_m.txt,869.3932584269662
all_scores_m.txt,34.179775280898866
all_scores_m.txt,-1872.6067415730338
all_scores_m.txt,746.0337078651685
all_scores_m.txt,610.1910112359551
all_scores_m.txt,176.97752808988844
all_scores_m.txt,1724.303370786517
all_scores_m.txt,1426.2247191011234
all_scores_m.txt,-812.8539325842694
all_scores_m.txt,619.303370786517
all_scores_m.txt,1044.6629213483147
all_scores_m.txt,186.55056179775283
all_scores_m.txt,642.303370786517
all_scores_m.txt,1878.741573033708
all_scores_m.txt,457.2359550561797
all_scores_m.txt,285.7977528089888
all_scores_m.txt,1022.0337078651685
all_scores_m.txt,25.112359550561678
all_scores_m.txt,354.876404494382
all_scores_m.txt,696.4157303370794
all_scores_m.txt,-955.696629213483
all_scores_m.txt,293.7977528089888
all_scores_m.txt,313.3932584269662
all_scores_m.txt,1724.505617977528
all_scores_m.txt,1471.4719101123594
all_scores_m.txt,1689.9325842696626
all_scores_m.txt,733.752808988764
all_scores_m.txt,968.3370786516853
all_scores_m.txt,778.9438202247188
all_scores_m.txt,1494.5842696629215
all_scores_m.txt,1950.505617977528
all_scores_m.txt,505.55056179775283
all_scores_m.txt,1637.9101123595506
all_scores_m.txt,1445.8202247191011
all_scores_m.txt,1621.629213483146
all_scores_m.txt,1.022471910112472
all_scores_m.txt,2150.741573033708
all_scores_m.txt,973.4157303370794
all_scores_m.txt,2084.38202247191
all_scores_m.txt,1448.8988764044943
all_scores_m.txt,-120.82022471910113
all_scores_m.txt,832.314606741573
all_scores_m.txt,140.67415730337075
all_scores_m.txt,2134.0561797752807
all_scores_m.txt,1945.4157303370794
all_scores_m.txt,1611.2921348314612
all_scores_m.txt,448.9550561797753
all_scores_m.txt,-495.08988764044943
all_scores_m.txt,1097.1123595505617
all_scores_m.txt,957.2696629213483
all_scores_m.txt,365.876404494382
all_scores_m.txt,372.67415730337075
all_scores_m.txt,786.3483146067415
all_scores_m.txt,2061.696629213483
all_scores_m.txt,926.7865168539324
all_scores_m.txt,1111.7752808988762
all_scores_m.txt,2409.258426966292
all_scores_m.txt,1189.1011235955057
all_scores_m.txt,1858.1460674157306
all_scores_m.txt,786.0561797752807
all_scores_m.txt,1061.8314606741574
all_scores_m.txt,1070.8314606741574
all_scores_m.txt,2268.61797752809
all_scores_m.txt,1011.5505617977528
all_scores_m.txt,520.5168539325842
all_scores_m.txt,1667.8202247191011
all_scores_m.txt,1034.0337078651685
all_scores_m.txt,748.4606741573034
all_scores_m.txt,1425.6179775280898
all_scores_m.txt,2125.4606741573034
all_scores_m.txt,245.51685393258424
all_scores_m.txt,880.1910112359551
all_scores_m.txt,1207.5842696629215
all_scores_m.txt,1704.6179775280898
all_scores_m.txt,2332.38202247191
all_scores_m.txt,2023.1011235955057
all_scores_m.txt,1422.5393258426966
all_scores_m.txt,1253.752808988764
all_scores_m.txt,1275.5505617977528
all_scores_m.txt,2178.0561797752807
all_scores_m.txt,2550.134831460674
all_scores_m.txt,2053.4943820224717
all_scores_m.txt,2138.741573033708
all_scores_m.txt,2376.6629213483147
all_scores_m.txt,114.6179775280898
all_scores_m.txt,370.7078651685397
all_scores_m.txt,1570.3483146067415
all_scores_m.txt,2187.0561797752807
all_scores_m.txt,2213.5393258426966
all_scores_m.txt,1247.2696629213483
all_scores_m.txt,1903.4606741573034
all_scores_m.txt,1869.1797752808989
all_scores_m.txt,727.696629213483
all_scores_m.txt,393.67415730337075
all_scores_m.txt,-282.0561797752812
all_scores_m.txt,-537.8876404494383
all_scores_m.txt,2198.426966292135
all_scores_m.txt,221.67415730337075
all_scores_m.txt,549.9438202247188
all_scores_m.txt,134.1573033707865
all_scores_m.txt,230.2359550561797
all_scores_m.txt,-173.41573033707846
all_scores_m.txt,936.1011235955057
all_scores_m.txt,618.876404494382
all_scores_m.txt,503.3820224719102
all_scores_m.txt,230.51685393258424
all_scores_m.txt,1958.8202247191011
all_scores_m.txt,2076.179775280899
all_scores_m.txt,2131.943820224719
all_scores_m.txt,1803.4606741573034
all_scores_m.txt,2391.9775280898884
all_scores_m.txt,448.9550561797753
all_scores_m.txt,1253.8988764044943
all_scores_m.txt,287.7977528089888
all_scores_m.txt,1360.1123595505617
all_scores_m.txt,400.1573033707865
all_scores_m.txt,-221.12359550561803
all_scores_m.txt,1502.1011235955057
all_scores_m.txt,544.4269662921351
all_scores_m.txt,2263.651685393258
all_scores_m.txt,1018.5505617977528
all_scores_m.txt,2702.943820224719
all_scores_m.txt,1610.3483146067415
all_scores_m.txt,720.067415730337
all_scores_m.txt,889.1011235955057
all_scores_m.txt,621.876404494382
all_scores_m.txt,1576.258426966292
all_scores_m.txt,691.2584269662921
all_scores_m.txt,655.6741573033707
all_scores_m.txt,1451.9887640449442
all_scores_m.txt,1221.2696629213483
all_scores_m.txt,633.876404494382
all_scores_m.txt,1119.8539325842703
all_scores_m.txt,1333.3483146067415
all_scores_m.txt,2745.820224719101
all_scores_m.txt,570.5955056179776
all_scores_m.txt,689.9550561797753
all_scores_m.txt,64.07865168539325
all_scores_m.txt,1750.9325842696626
all_scores_m.txt,1138.3932584269662
all_scores_m.txt,1733.9887640449442
all_scores_m.txt,935.4719101123594
all_scores_m.txt,851.5955056179776
all_scores_m.txt,561.2247191011234
all_scores_m.txt,314.4606741573034
all_scores_m.txt,389.1910112359551
all_scores_m.txt,808.314606741573
all_scores_m.txt,643.314606741573
all_scores_m.txt,1794.5730337078649
all_scores_m.txt,25.112359550561678
all_scores_m.txt,369.5056179775279
all_scores_m.txt,231.97752808988844
all_scores_m.txt,1426.5393258426966
all_scores_m.txt,1607.258426966292
all_scores_m.txt,1969.2134831460671
all_scores_m.txt,2100.865168539326
all_scores_m.txt,-1457.932584269663
all_scores_m.txt,778.0337078651685
all_scores_m.txt,919.8202247191011
all_scores_m.txt,424.17977528089887
all_scores_m.txt,1298.9775280898884
all_scores_m.txt,634.876404494382
all_scores_m.txt,51.797752808988776
all_scores_m.txt,848.5955056179776
all_scores_m.txt,604.3932584269662
all_scores_m.txt,576.5955056179776
all_scores_m.txt,1001.1348314606739
all_scores_m.txt,408.2696629213483
all_scores_m.txt,1664.9438202247188
all_scores_m.txt,2458.3707865168544
all_scores_m.txt,713.696629213483
all_scores_m.txt,808.1123595505617
all_scores_m.txt,657.4157303370794
all_scores_m.txt,-839.1685393258426
all_scores_m.txt,71.1910112359551
all_scores_m.txt,618.3932584269662
all_scores_m.txt,1272.9775280898884
all_scores_m.txt,599.1123595505617
all_scores_m.txt,693.2696629213483
all_scores_m.txt,521.0337078651685
all_scores_m.txt,1357.1123595505617
all_scores_m.txt,1064.4943820224717
all_scores_m.txt,1025.0337078651685
all_scores_m.txt,1360.2247191011234
all_scores_m.txt,1758.2134831460671
all_scores_m.txt,796.314606741573
all_scores_m.txt,226.3483146067415
all_scores_m.txt,1468.4157303370794
all_scores_m.txt,-101.33707865168526
all_scores_m.txt,1355.8314606741574
all_scores_m.txt,2127.4606741573034
all_scores_m.txt,827.0224719101125
all_scores_m.txt,1856.865168539326
all_scores_m.txt,1759.8988764044943
all_scores_m.txt,1063.0561797752807
all_scores_m.txt,845.5955056179776
all_scores_m.txt,-704.8539325842694
all_scores_m.txt,801.9438202247188
all_scores_m.txt,1817.7752808988762
all_scores_m.txt,1313.8314606741574
all_scores_m.txt,2012.5393258426966
all_scores_m.txt,1269.2696629213483
all_scores_m.txt,2561.8988764044943
all_scores_m.txt,-521.5393258426966
all_scores_m.txt,1258.865168539326
all_scores_m.txt,-1124.1685393258426
all_scores_m.txt,934.7865168539324
all_scores_m.txt,994.752808988764
all_scores_m.txt,434.06741573033696
all_scores_m.txt,715.8988764044943
all_scores_m.txt,578.5955056179776
all_scores_m.txt,183.58426966292154
all_scores_m.txt,2226.2247191011234
all_scores_m.txt,1336.741573033708
all_scores_m.txt,1549.067415730337
all_scores_m.txt,903.1011235955057
all_scores_m.txt,2234.651685393258
all_scores_m.txt,748.752808988764
all_scores_m.txt,1293.3483146067415
all_scores_m.txt,1694.7078651685397
all_scores_m.txt,693.4157303370794
all_scores_m.txt,1738.8988764044943
all_scores_m.txt,1134.3932584269662
all_scores_m.txt,-92.13483146067392
all_scores_m.txt,507.51685393258424
all_scores_m.txt,1283.9775280898884
all_scores_m.txt,1600.8539325842703
all_scores_m.txt,998.5505617977528
all_scores_m.txt,561.9438202247188
all_scores_m.txt,965.2696629213483
all_scores_m.txt,1856.2921348314612
all_scores_m.txt,457.2359550561797
all_scores_m.txt,409.1573033707865
all_scores_m.txt,-1346.1685393258426
all_scores_m.txt,2318.4943820224717
all_scores_m.txt,618.876404494382
all_scores_m.txt,2202.8539325842703
all_scores_m.txt,567.9101123595506
all_scores_m.txt,634.1910112359551
all_scores_m.txt,1435.0561797752807
all_scores_m.txt,-1066.7752808988766
all_scores_m.txt,185.438202247191
all_scores_m.txt,1630.0561797752807
all_scores_m.txt,1106.3370786516853
all_scores_m.txt,495.58426966292154
all_scores_m.txt,737.3820224719102
all_scores_m.txt,2170.943820224719
all_scores_m.txt,1838.7752808988762
all_scores_m.txt,500.8651685393261
all_scores_m.txt,1615.0561797752807
all_scores_m.txt,625.5393258426966
all_scores_m.txt,1490.1011235955057
all_scores_m.txt,439.06741573033696
all_scores_m.txt,605.5056179775279
all_scores_m.txt,1903.6629213483147
all_scores_m.txt,1107.1123595505617
all_scores_m.txt,881.1348314606739
all_scores_m.txt,1392.8539325842703
all_scores_m.txt,99.67415730337075
all_scores_m.txt,909.0561797752807
all_scores_m.txt,1352.629213483146
all_scores_m.txt,1328.258426966292
all_scores_m.txt,1209.4719101123594
all_scores_m.txt,2626.179775280899
all_scores_m.txt,175.438202247191
all_scores_m.txt,852.3932584269662
all_scores_m.txt,-867.6516853932585
all_scores_m.txt,1460.9325842696626
all_scores_m.txt,774.5505617977528
all_scores_m.txt,511.51685393258424
all_scores_m.txt,891.3932584269662
all_scores_m.txt,1476.7865168539324
all_scores_m.txt,32.59550561797755
all_scores_m.txt,1727.0224719101125
all_scores_m.txt,764.0337078651685
all_scores_m.txt,1714.8988764044943
all_scores_m.txt,525.629213483146
all_scores_m.txt,646.6179775280898
all_scores_m.txt,1461.2134831460671
all_scores_m.txt,443.6179775280898
all_scores_m.txt,-1242.3258426966293
all_scores_m.txt,1952.5393258426966
all_scores_m.txt,1109.1123595505617
all_scores_m.txt,808.6629213483147
all_scores_m.txt,1747.7865168539324
all_scores_m.txt,1670.7078651685397
all_scores_m.txt,1113.7078651685397
all_scores_m.txt,564.9775280898884
all_scores_m.txt,1352.7752808988762
all_scores_m.txt,1387.9101123595506
all_scores_m.txt,877.0224719101125
all_scores_m.txt,247.25842696629206
all_scores_m.txt,1243.3820224719102
all_scores_m.txt,298.0337078651685
all_scores_m.txt,2186.2247191011234
all_scores_m.txt,1119.9101123595506
all_scores_m.txt,1400.8202247191011
all_scores_m.txt,1899.7752808988762
all_scores_m.txt,1721.1011235955057
all_scores_m.txt,1268.1797752808989
all_scores_m.txt,1611.741573033708
all_scores_m.txt,1354.8539325842703
all_scores_m.txt,2253.4157303370794
all_scores_m.txt,-78.93258426966304
all_scores_m.txt,693.9550561797753
all_scores_m.txt,400.1573033707865
all_scores_m.txt,1833.1797752808989
all_scores_m.txt,1315.3483146067415
all_scores_m.txt,876.1348314606739
all_scores_m.txt,317.22471910112336
all_scores_m.txt,655.5056179775279
all_scores_m.txt,1888.3370786516853
all_scores_m.txt,1484.067415730337
all_scores_m.txt,2071.6629213483147
all_scores_m.txt,666.7865168539324
all_scores_m.txt,2380.820224719101
all_scores_m.txt,280.33707865168526
all_scores_m.txt,177.75280898876395
all_scores_m.txt,729.9550561797753
all_scores_m.txt,225.03370786516848
all_scores_m.txt,1325.4157303370794
all_scores_m.txt,-237.57303370786485
all_scores_m.txt,876.3370786516853
all_scores_m.txt,1858.4606741573034
all_scores_m.txt,842.1123595505617
all_scores_m.txt,-1330.0898876404494
all_scores_m.txt,958.4719101123594
all_scores_m.txt,2463.573033707865
all_scores_m.txt,2410.258426966292
all_scores_m.txt,1191.0224719101125
all_scores_m.txt,665.5842696629215
all_scores_m.txt,1060.629213483146
all_scores_m.txt,539.4269662921351
all_scores_m.txt,503.0561797752807
all_scores_m.txt,883.9887640449442
all_scores_m.txt,1219.696629213483
all_scores_m.txt,350.876404494382
all_scores_m.txt,624.876404494382
all_scores_m.txt,2572.8988764044943
all_scores_m.txt,1638.629213483146
all_scores_m.txt,414.1573033707865
all_scores_m.txt,-317.82022471910113
all_scores_m.txt,1481.6179775280898
all_scores_m.txt,1399.2247191011234
all_scores_m.txt,-441.5393258426966
all_scores_m.txt,327.25842696629206
all_scores_m.txt,2254.303370786517
all_scores_m.txt,1645.0561797752807
all_scores_m.txt,2021.6179775280898
all_scores_m.txt,943.4719101123594
all_scores_m.txt,2425.0561797752807
all_scores_m.txt,660.303370786517
all_scores_m.txt,1648.5393258426966
all_scores_m.txt,450.75280898876395
all_scores_m.txt,572.5955056179776
all_scores_m.txt,700.4157303370794
all_scores_m.txt,42.797752808988776
all_scores_m.txt,626.3932584269662
all_scores_m.txt,1181.505617977528
all_scores_m.txt,2129.258426966292
all_scores_m.txt,673.1011235955057
all_scores_m.txt,2141.258426966292
all_scores_m.txt,2302.4494382022467
all_scores_m.txt,684.9550561797753
all_scores_m.txt,928.7865168539324
all_scores_m.txt,407.1573033707865
all_scores_m.txt,-1562.2921348314603
all_scores_m.txt,1098.7752808988762
all_scores_m.txt,1185.9887640449442
all_scores_m.txt,1051.6629213483147
all_scores_m.txt,524.314606741573
all_scores_m.txt,1755.8202247191011
all_scores_m.txt,497.62921348314603
all_scores_m.txt,1269.3820224719102
all_scores_m.txt,228.1573033707865
all_scores_m.txt,1721.6179775280898
all_scores_m.txt,1502.134831460674
all_scores_m.txt,1983.3370786516853
all_scores_m.txt,1983.2921348314612
all_scores_m.txt,2140.258426966292
all_scores_m.txt,2761.3707865168544
all_scores_m.txt,803.1123595505617
all_scores_m.txt,1508.2696629213483
all_scores_m.txt,-333.82022471910113
all_scores_m.txt,-71.7640449438203
all_scores_m.txt,1057.7752808988762
all_scores_m.txt,2552.5842696629215
all_scores_m.txt,468.97752808988844
all_scores_m.txt,970.067415730337
all_scores_m.txt,1389.2247191011234
all_scores_m.txt,1685.505617977528
all_scores_m.txt,1832.258426966292
all_scores_m.txt,1314.3483146067415
all_scores_m.txt,1553.865168539326
all_scores_m.txt,1021.1460674157306
all_scores_m.txt,2613.9775280898884
all_scores_m.txt,-626.1685393258426
all_scores_m.txt,-325.6179775280898
all_scores_m.txt,175.438202247191
all_scores_m.txt,1313.8314606741574
all_scores_m.txt,1149.3932584269662
all_scores_m.txt,3106.696629213483
all_scores_m.txt,1198.5842696629215
all_scores_m.txt,477.2359550561797
all_scores_m.txt,1284.1797752808989
all_scores_m.txt,1957.505617977528
all_scores_m.txt,358.0224719101125
all_scores_m.txt,-961.2134831460676
all_scores_m.txt,844.8651685393261
all_scores_m.txt,1930.2247191011234
all_scores_m.txt,770.1797752808989
all_scores_m.txt,1689.4269662921351
all_scores_m.txt,1705.2134831460671
all_scores_m.txt,461.2359550561797
all_scores_m.txt,1781.4157303370794
all_scores_m.txt,1306.3483146067415
all_scores_m.txt,-603.4831460674158
